022:56:54.966 [main] DEBUG org.testng.log4testng.Logger.debug(Logger.java:82)oggger - suiteXmlPath: "C:\Users\MAYUR~1.KOT\AppData\Local\Temp\testng-eclipse--1402160885\testng-customsuite.xml"
22:56:55.194 [main] INFO  org.testng.log4testng.Logger.info(Logger.java:112)oggger - [Utils] MethodGroupsHelper.collectMethodsByGroup() took 4 ms.
22:56:55.197 [main] INFO  org.testng.log4testng.Logger.info(Logger.java:112)oggger - [Utils] MethodGroupsHelper.sortMethods() took 1 ms.
22:56:55.198 [main] INFO  org.testng.log4testng.Logger.info(Logger.java:112)oggger - [Utils] MethodGroupsHelper.collectMethodsByGroup() took 0 ms.
22:56:55.201 [main] INFO  org.testng.log4testng.Logger.info(Logger.java:112)oggger - [Utils] MethodGroupsHelper.sortMethods() took 0 ms.
22:56:55.201 [main] INFO  org.testng.log4testng.Logger.info(Logger.java:112)oggger - [Utils] MethodGroupsHelper.collectMethodsByGroup() took 0 ms.
22:56:55.201 [main] INFO  org.testng.log4testng.Logger.info(Logger.java:112)oggger - [Utils] MethodGroupsHelper.sortMethods() took 0 ms.
22:56:55.202 [main] INFO  org.testng.log4testng.Logger.info(Logger.java:112)oggger - [Utils] MethodGroupsHelper.collectMethodsByGroup() took 0 ms.
22:56:55.202 [main] INFO  org.testng.log4testng.Logger.info(Logger.java:112)oggger - [Utils] MethodGroupsHelper.sortMethods() took 0 ms.
22:56:55.205 [main] INFO  org.testng.log4testng.Logger.info(Logger.java:112)oggger - [Utils] MethodGroupsHelper.collectMethodsByGroup() took 2 ms.
22:56:55.212 [main] INFO  org.testng.log4testng.Logger.info(Logger.java:112)oggger - [Utils] MethodGroupsHelper.sortMethods() took 5 ms.
22:56:55.213 [main] INFO  org.testng.log4testng.Logger.info(Logger.java:112)oggger - [Utils] MethodGroupsHelper.collectMethodsByGroup() took 0 ms.
22:56:55.214 [main] INFO  org.testng.log4testng.Logger.info(Logger.java:112)oggger - [Utils] MethodGroupsHelper.sortMethods() took 0 ms.
22:56:55.215 [main] INFO  org.testng.log4testng.Logger.info(Logger.java:112)oggger - [Utils] MethodGroupsHelper.collectMethodsByGroup() took 0 ms.
22:56:55.215 [main] INFO  org.testng.log4testng.Logger.info(Logger.java:112)oggger - [Utils] MethodGroupsHelper.sortMethods() took 0 ms.
22:56:55.216 [main] INFO  org.testng.log4testng.Logger.info(Logger.java:112)oggger - [Utils] MethodGroupsHelper.collectMethodsByGroup() took 0 ms.
22:56:55.216 [main] INFO  org.testng.log4testng.Logger.info(Logger.java:112)oggger - [Utils] MethodGroupsHelper.sortMethods() took 0 ms.
22:56:55.218 [main] INFO  org.testng.log4testng.Logger.info(Logger.java:112)oggger - [Utils] MethodGroupsHelper.collectMethodsByGroup() took 0 ms.
22:56:55.218 [main] INFO  org.testng.log4testng.Logger.info(Logger.java:112)oggger - [Utils] MethodGroupsHelper.sortMethods() took 0 ms.
22:56:55.218 [main] INFO  org.testng.log4testng.Logger.info(Logger.java:112)oggger - [Utils] MethodGroupsHelper.collectMethodsByGroup() took 0 ms.
22:56:55.218 [main] INFO  org.testng.log4testng.Logger.info(Logger.java:112)oggger - [Utils] MethodGroupsHelper.sortMethods() took 0 ms.
22:56:55.220 [main] INFO  org.testng.log4testng.Logger.info(Logger.java:112)oggger - [Utils] MethodGroupsHelper.collectMethodsByGroup() took 0 ms.
22:56:55.220 [main] INFO  org.testng.log4testng.Logger.info(Logger.java:112)oggger - [Utils] MethodGroupsHelper.sortMethods() took 0 ms.
22:56:55.221 [main] INFO  org.testng.log4testng.Logger.info(Logger.java:112)oggger - [Utils] MethodGroupsHelper.collectMethodsByGroup() took 0 ms.
22:56:55.221 [main] INFO  org.testng.log4testng.Logger.info(Logger.java:112)oggger - [Utils] MethodGroupsHelper.sortMethods() took 0 ms.
22:56:55.222 [main] INFO  org.testng.log4testng.Logger.info(Logger.java:112)oggger - [Utils] MethodGroupsHelper.collectMethodsByGroup() took 0 ms.
22:56:55.223 [main] INFO  org.testng.log4testng.Logger.info(Logger.java:112)oggger - [Utils] MethodGroupsHelper.sortMethods() took 0 ms.
22:56:55.223 [main] INFO  org.testng.log4testng.Logger.info(Logger.java:112)oggger - [Utils] MethodGroupsHelper.collectMethodsByGroup() took 0 ms.
22:56:55.225 [main] INFO  org.testng.log4testng.Logger.info(Logger.java:112)oggger - [Utils] MethodGroupsHelper.sortMethods() took 1 ms.
22:56:55.225 [main] INFO  org.testng.log4testng.Logger.info(Logger.java:112)oggger - [Utils] MethodGroupsHelper.collectMethodsByGroup() took 0 ms.
22:56:55.225 [main] INFO  org.testng.log4testng.Logger.info(Logger.java:112)oggger - [Utils] MethodGroupsHelper.sortMethods() took 0 ms.
22:56:55.231 [main] INFO  org.testng.log4testng.Logger.info(Logger.java:112)oggger - [TestNG] Running:
  C:\Users\mayur.kotekar\AppData\Local\Temp\testng-eclipse--1402160885\testng-customsuite.xml

22:56:55.246 [main] INFO  org.testng.log4testng.Logger.info(Logger.java:112)oggger - [Utils] DynamicGraphHelper.createDynamicGraph() took 4 ms.
22:57:34.525 [main] INFO  org.testng.log4testng.Logger.info(Logger.java:112)oggger - [TestNG] Time taken by org.testng.reporters.jq.Main@7a7d1b47: 90 ms
22:57:34.546 [main] INFO  org.testng.log4testng.Logger.info(Logger.java:112)oggger - [TestNG] Time taken by org.testng.reporters.FailedReporter@4bb003e9: 21 ms
22:57:34.560 [main] INFO  org.testng.log4testng.Logger.info(Logger.java:112)oggger - [TestNG] Time taken by org.testng.reporters.XMLReporter@4f824872: 12 ms
22:57:34.574 [main] INFO  org.testng.log4testng.Logger.info(Logger.java:112)oggger - [TestNG] Time taken by org.testng.reporters.EmailableReporter2@7ae9a33a: 14 ms
22:57:34.587 [main] INFO  org.testng.log4testng.Logger.info(Logger.java:112)oggger - [TestNG] Time taken by org.testng.reporters.JUnitReportReporter@4ba380c7: 13 ms
22:57:34.587 [main] INFO  org.testng.log4testng.Logger.info(Logger.java:112)oggger - [TestNG] Time taken by org.testng.internal.ExitCodeListener@784c5ef5: 0 ms
23:00:39.296 [main] DEBUG org.testng.log4testng.Logger.debug(Logger.java:82)oggger - suiteXmlPath: "C:\Users\MAYUR~1.KOT\AppData\Local\Temp\testng-eclipse-1361796948\testng-customsuite.xml"
23:00:39.511 [main] INFO  org.testng.log4testng.Logger.info(Logger.java:112)oggger - [Utils] MethodGroupsHelper.collectMethodsByGroup() took 0 ms.
23:00:39.513 [main] INFO  org.testng.log4testng.Logger.info(Logger.java:112)oggger - [Utils] MethodGroupsHelper.sortMethods() took 0 ms.
23:00:39.514 [main] INFO  org.testng.log4testng.Logger.info(Logger.java:112)oggger - [Utils] MethodGroupsHelper.collectMethodsByGroup() took 0 ms.
23:00:39.515 [main] INFO  org.testng.log4testng.Logger.info(Logger.java:112)oggger - [Utils] MethodGroupsHelper.sortMethods() took 0 ms.
23:00:39.515 [main] INFO  org.testng.log4testng.Logger.info(Logger.java:112)oggger - [Utils] MethodGroupsHelper.collectMethodsByGroup() took 0 ms.
23:00:39.516 [main] INFO  org.testng.log4testng.Logger.info(Logger.java:112)oggger - [Utils] MethodGroupsHelper.sortMethods() took 0 ms.
23:00:39.516 [main] INFO  org.testng.log4testng.Logger.info(Logger.java:112)oggger - [Utils] MethodGroupsHelper.collectMethodsByGroup() took 0 ms.
23:00:39.516 [main] INFO  org.testng.log4testng.Logger.info(Logger.java:112)oggger - [Utils] MethodGroupsHelper.sortMethods() took 0 ms.
23:00:39.521 [main] INFO  org.testng.log4testng.Logger.info(Logger.java:112)oggger - [Utils] MethodGroupsHelper.collectMethodsByGroup() took 1 ms.
23:00:39.528 [main] INFO  org.testng.log4testng.Logger.info(Logger.java:112)oggger - [Utils] MethodGroupsHelper.sortMethods() took 6 ms.
23:00:39.529 [main] INFO  org.testng.log4testng.Logger.info(Logger.java:112)oggger - [Utils] MethodGroupsHelper.collectMethodsByGroup() took 0 ms.
23:00:39.530 [main] INFO  org.testng.log4testng.Logger.info(Logger.java:112)oggger - [Utils] MethodGroupsHelper.sortMethods() took 0 ms.
23:00:39.531 [main] INFO  org.testng.log4testng.Logger.info(Logger.java:112)oggger - [Utils] MethodGroupsHelper.collectMethodsByGroup() took 0 ms.
23:00:39.531 [main] INFO  org.testng.log4testng.Logger.info(Logger.java:112)oggger - [Utils] MethodGroupsHelper.sortMethods() took 0 ms.
23:00:39.531 [main] INFO  org.testng.log4testng.Logger.info(Logger.java:112)oggger - [Utils] MethodGroupsHelper.collectMethodsByGroup() took 0 ms.
23:00:39.531 [main] INFO  org.testng.log4testng.Logger.info(Logger.java:112)oggger - [Utils] MethodGroupsHelper.sortMethods() took 0 ms.
23:00:39.533 [main] INFO  org.testng.log4testng.Logger.info(Logger.java:112)oggger - [Utils] MethodGroupsHelper.collectMethodsByGroup() took 0 ms.
23:00:39.533 [main] INFO  org.testng.log4testng.Logger.info(Logger.java:112)oggger - [Utils] MethodGroupsHelper.sortMethods() took 0 ms.
23:00:39.534 [main] INFO  org.testng.log4testng.Logger.info(Logger.java:112)oggger - [Utils] MethodGroupsHelper.collectMethodsByGroup() took 0 ms.
23:00:39.534 [main] INFO  org.testng.log4testng.Logger.info(Logger.java:112)oggger - [Utils] MethodGroupsHelper.sortMethods() took 0 ms.
23:00:39.538 [main] INFO  org.testng.log4testng.Logger.info(Logger.java:112)oggger - [Utils] MethodGroupsHelper.collectMethodsByGroup() took 0 ms.
23:00:39.538 [main] INFO  org.testng.log4testng.Logger.info(Logger.java:112)oggger - [Utils] MethodGroupsHelper.sortMethods() took 0 ms.
23:00:39.539 [main] INFO  org.testng.log4testng.Logger.info(Logger.java:112)oggger - [Utils] MethodGroupsHelper.collectMethodsByGroup() took 0 ms.
23:00:39.539 [main] INFO  org.testng.log4testng.Logger.info(Logger.java:112)oggger - [Utils] MethodGroupsHelper.sortMethods() took 0 ms.
23:00:39.540 [main] INFO  org.testng.log4testng.Logger.info(Logger.java:112)oggger - [Utils] MethodGroupsHelper.collectMethodsByGroup() took 0 ms.
23:00:39.541 [main] INFO  org.testng.log4testng.Logger.info(Logger.java:112)oggger - [Utils] MethodGroupsHelper.sortMethods() took 0 ms.
23:00:39.542 [main] INFO  org.testng.log4testng.Logger.info(Logger.java:112)oggger - [Utils] MethodGroupsHelper.collectMethodsByGroup() took 0 ms.
23:00:39.543 [main] INFO  org.testng.log4testng.Logger.info(Logger.java:112)oggger - [Utils] MethodGroupsHelper.sortMethods() took 0 ms.
23:00:39.543 [main] INFO  org.testng.log4testng.Logger.info(Logger.java:112)oggger - [Utils] MethodGroupsHelper.collectMethodsByGroup() took 0 ms.
23:00:39.543 [main] INFO  org.testng.log4testng.Logger.info(Logger.java:112)oggger - [Utils] MethodGroupsHelper.sortMethods() took 0 ms.
23:00:39.552 [main] INFO  org.testng.log4testng.Logger.info(Logger.java:112)oggger - [TestNG] Running:
  C:\Users\mayur.kotekar\AppData\Local\Temp\testng-eclipse-1361796948\testng-customsuite.xml

23:00:39.571 [main] INFO  org.testng.log4testng.Logger.info(Logger.java:112)oggger - [Utils] DynamicGraphHelper.createDynamicGraph() took 3 ms.
23:01:01.466 [main] INFO  org.testng.log4testng.Logger.info(Logger.java:112)oggger - [TestNG] Time taken by org.testng.reporters.jq.Main@19ccca5: 88 ms
23:01:01.469 [main] INFO  org.testng.log4testng.Logger.info(Logger.java:112)oggger - [TestNG] Time taken by org.testng.reporters.FailedReporter@588cd519: 2 ms
23:01:01.479 [main] INFO  org.testng.log4testng.Logger.info(Logger.java:112)oggger - [TestNG] Time taken by org.testng.reporters.XMLReporter@4ba89729: 10 ms
23:01:01.488 [main] INFO  org.testng.log4testng.Logger.info(Logger.java:112)oggger - [TestNG] Time taken by org.testng.reporters.EmailableReporter2@70242f38: 9 ms
23:01:01.494 [main] INFO  org.testng.log4testng.Logger.info(Logger.java:112)oggger - [TestNG] Time taken by org.testng.reporters.JUnitReportReporter@2d746ce4: 6 ms
23:01:01.494 [main] INFO  org.testng.log4testng.Logger.info(Logger.java:112)oggger - [TestNG] Time taken by org.testng.internal.ExitCodeListener@5dbf5634: 0 ms
15:45:39.364 [main] DEBUG org.testng.log4testng.Logger.debug(Logger.java:82)oggger - suiteXmlPath: "C:\Users\MAYUR~1.KOT\AppData\Local\Temp\testng-eclipse-354781557\testng-customsuite.xml"
15:45:39.584 [main] INFO  org.testng.log4testng.Logger.info(Logger.java:112)oggger - [Utils] MethodGroupsHelper.collectMethodsByGroup() took 1 ms.
15:45:39.586 [main] INFO  org.testng.log4testng.Logger.info(Logger.java:112)oggger - [Utils] MethodGroupsHelper.sortMethods() took 1 ms.
15:45:39.588 [main] INFO  org.testng.log4testng.Logger.info(Logger.java:112)oggger - [Utils] MethodGroupsHelper.collectMethodsByGroup() took 0 ms.
15:45:39.588 [main] INFO  org.testng.log4testng.Logger.info(Logger.java:112)oggger - [Utils] MethodGroupsHelper.sortMethods() took 0 ms.
15:45:39.589 [main] INFO  org.testng.log4testng.Logger.info(Logger.java:112)oggger - [Utils] MethodGroupsHelper.collectMethodsByGroup() took 0 ms.
15:45:39.589 [main] INFO  org.testng.log4testng.Logger.info(Logger.java:112)oggger - [Utils] MethodGroupsHelper.sortMethods() took 0 ms.
15:45:39.589 [main] INFO  org.testng.log4testng.Logger.info(Logger.java:112)oggger - [Utils] MethodGroupsHelper.collectMethodsByGroup() took 0 ms.
15:45:39.590 [main] INFO  org.testng.log4testng.Logger.info(Logger.java:112)oggger - [Utils] MethodGroupsHelper.sortMethods() took 0 ms.
15:45:39.593 [main] INFO  org.testng.log4testng.Logger.info(Logger.java:112)oggger - [Utils] MethodGroupsHelper.collectMethodsByGroup() took 2 ms.
15:45:39.600 [main] INFO  org.testng.log4testng.Logger.info(Logger.java:112)oggger - [Utils] MethodGroupsHelper.sortMethods() took 6 ms.
15:45:39.601 [main] INFO  org.testng.log4testng.Logger.info(Logger.java:112)oggger - [Utils] MethodGroupsHelper.collectMethodsByGroup() took 0 ms.
15:45:39.602 [main] INFO  org.testng.log4testng.Logger.info(Logger.java:112)oggger - [Utils] MethodGroupsHelper.sortMethods() took 0 ms.
15:45:39.602 [main] INFO  org.testng.log4testng.Logger.info(Logger.java:112)oggger - [Utils] MethodGroupsHelper.collectMethodsByGroup() took 0 ms.
15:45:39.602 [main] INFO  org.testng.log4testng.Logger.info(Logger.java:112)oggger - [Utils] MethodGroupsHelper.sortMethods() took 0 ms.
15:45:39.603 [main] INFO  org.testng.log4testng.Logger.info(Logger.java:112)oggger - [Utils] MethodGroupsHelper.collectMethodsByGroup() took 0 ms.
15:45:39.603 [main] INFO  org.testng.log4testng.Logger.info(Logger.java:112)oggger - [Utils] MethodGroupsHelper.sortMethods() took 0 ms.
15:45:39.604 [main] INFO  org.testng.log4testng.Logger.info(Logger.java:112)oggger - [Utils] MethodGroupsHelper.collectMethodsByGroup() took 0 ms.
15:45:39.604 [main] INFO  org.testng.log4testng.Logger.info(Logger.java:112)oggger - [Utils] MethodGroupsHelper.sortMethods() took 0 ms.
15:45:39.604 [main] INFO  org.testng.log4testng.Logger.info(Logger.java:112)oggger - [Utils] MethodGroupsHelper.collectMethodsByGroup() took 0 ms.
15:45:39.604 [main] INFO  org.testng.log4testng.Logger.info(Logger.java:112)oggger - [Utils] MethodGroupsHelper.sortMethods() took 0 ms.
15:45:39.608 [main] INFO  org.testng.log4testng.Logger.info(Logger.java:112)oggger - [Utils] MethodGroupsHelper.collectMethodsByGroup() took 0 ms.
15:45:39.608 [main] INFO  org.testng.log4testng.Logger.info(Logger.java:112)oggger - [Utils] MethodGroupsHelper.sortMethods() took 0 ms.
15:45:39.608 [main] INFO  org.testng.log4testng.Logger.info(Logger.java:112)oggger - [Utils] MethodGroupsHelper.collectMethodsByGroup() took 0 ms.
15:45:39.608 [main] INFO  org.testng.log4testng.Logger.info(Logger.java:112)oggger - [Utils] MethodGroupsHelper.sortMethods() took 0 ms.
15:45:39.609 [main] INFO  org.testng.log4testng.Logger.info(Logger.java:112)oggger - [Utils] MethodGroupsHelper.collectMethodsByGroup() took 0 ms.
15:45:39.610 [main] INFO  org.testng.log4testng.Logger.info(Logger.java:112)oggger - [Utils] MethodGroupsHelper.sortMethods() took 1 ms.
15:45:39.611 [main] INFO  org.testng.log4testng.Logger.info(Logger.java:112)oggger - [Utils] MethodGroupsHelper.collectMethodsByGroup() took 0 ms.
15:45:39.611 [main] INFO  org.testng.log4testng.Logger.info(Logger.java:112)oggger - [Utils] MethodGroupsHelper.sortMethods() took 0 ms.
15:45:39.611 [main] INFO  org.testng.log4testng.Logger.info(Logger.java:112)oggger - [Utils] MethodGroupsHelper.collectMethodsByGroup() took 0 ms.
15:45:39.612 [main] INFO  org.testng.log4testng.Logger.info(Logger.java:112)oggger - [Utils] MethodGroupsHelper.sortMethods() took 1 ms.
15:45:39.618 [main] INFO  org.testng.log4testng.Logger.info(Logger.java:112)oggger - [TestNG] Running:
  C:\Users\mayur.kotekar\AppData\Local\Temp\testng-eclipse-354781557\testng-customsuite.xml

15:45:39.637 [main] INFO  org.testng.log4testng.Logger.info(Logger.java:112)oggger - [Utils] DynamicGraphHelper.createDynamicGraph() took 5 ms.
15:45:53.483 [main] INFO  org.testng.log4testng.Logger.info(Logger.java:112)oggger - [TestNG] Time taken by org.testng.reporters.jq.Main@19ccca5: 90 ms
15:45:53.485 [main] INFO  org.testng.log4testng.Logger.info(Logger.java:112)oggger - [TestNG] Time taken by org.testng.reporters.FailedReporter@588cd519: 2 ms
15:45:53.496 [main] INFO  org.testng.log4testng.Logger.info(Logger.java:112)oggger - [TestNG] Time taken by org.testng.reporters.XMLReporter@4ba89729: 11 ms
15:45:53.503 [main] INFO  org.testng.log4testng.Logger.info(Logger.java:112)oggger - [TestNG] Time taken by org.testng.reporters.EmailableReporter2@70242f38: 6 ms
15:45:53.509 [main] INFO  org.testng.log4testng.Logger.info(Logger.java:112)oggger - [TestNG] Time taken by org.testng.reporters.JUnitReportReporter@5dbf5634: 6 ms
15:45:53.511 [main] INFO  org.testng.log4testng.Logger.info(Logger.java:112)oggger - [TestNG] Time taken by org.testng.internal.ExitCodeListener@1948ea69: 0 ms
15:59:05.478 [main] DEBUG org.testng.log4testng.Logger.debug(Logger.java:82)oggger - suiteXmlPath: "C:\Users\MAYUR~1.KOT\AppData\Local\Temp\testng-eclipse--1307596967\testng-customsuite.xml"
15:59:05.724 [main] INFO  org.testng.log4testng.Logger.info(Logger.java:112)oggger - [Utils] MethodGroupsHelper.collectMethodsByGroup() took 1 ms.
15:59:05.726 [main] INFO  org.testng.log4testng.Logger.info(Logger.java:112)oggger - [Utils] MethodGroupsHelper.sortMethods() took 2 ms.
15:59:05.727 [main] INFO  org.testng.log4testng.Logger.info(Logger.java:112)oggger - [Utils] MethodGroupsHelper.collectMethodsByGroup() took 0 ms.
15:59:05.728 [main] INFO  org.testng.log4testng.Logger.info(Logger.java:112)oggger - [Utils] MethodGroupsHelper.sortMethods() took 0 ms.
15:59:05.728 [main] INFO  org.testng.log4testng.Logger.info(Logger.java:112)oggger - [Utils] MethodGroupsHelper.collectMethodsByGroup() took 0 ms.
15:59:05.728 [main] INFO  org.testng.log4testng.Logger.info(Logger.java:112)oggger - [Utils] MethodGroupsHelper.sortMethods() took 0 ms.
15:59:05.729 [main] INFO  org.testng.log4testng.Logger.info(Logger.java:112)oggger - [Utils] MethodGroupsHelper.collectMethodsByGroup() took 0 ms.
15:59:05.729 [main] INFO  org.testng.log4testng.Logger.info(Logger.java:112)oggger - [Utils] MethodGroupsHelper.sortMethods() took 0 ms.
15:59:05.733 [main] INFO  org.testng.log4testng.Logger.info(Logger.java:112)oggger - [Utils] MethodGroupsHelper.collectMethodsByGroup() took 2 ms.
15:59:05.741 [main] INFO  org.testng.log4testng.Logger.info(Logger.java:112)oggger - [Utils] MethodGroupsHelper.sortMethods() took 7 ms.
15:59:05.742 [main] INFO  org.testng.log4testng.Logger.info(Logger.java:112)oggger - [Utils] MethodGroupsHelper.collectMethodsByGroup() took 0 ms.
15:59:05.743 [main] INFO  org.testng.log4testng.Logger.info(Logger.java:112)oggger - [Utils] MethodGroupsHelper.sortMethods() took 0 ms.
15:59:05.744 [main] INFO  org.testng.log4testng.Logger.info(Logger.java:112)oggger - [Utils] MethodGroupsHelper.collectMethodsByGroup() took 0 ms.
15:59:05.744 [main] INFO  org.testng.log4testng.Logger.info(Logger.java:112)oggger - [Utils] MethodGroupsHelper.sortMethods() took 0 ms.
15:59:05.745 [main] INFO  org.testng.log4testng.Logger.info(Logger.java:112)oggger - [Utils] MethodGroupsHelper.collectMethodsByGroup() took 0 ms.
15:59:05.745 [main] INFO  org.testng.log4testng.Logger.info(Logger.java:112)oggger - [Utils] MethodGroupsHelper.sortMethods() took 0 ms.
15:59:05.747 [main] INFO  org.testng.log4testng.Logger.info(Logger.java:112)oggger - [Utils] MethodGroupsHelper.collectMethodsByGroup() took 0 ms.
15:59:05.747 [main] INFO  org.testng.log4testng.Logger.info(Logger.java:112)oggger - [Utils] MethodGroupsHelper.sortMethods() took 0 ms.
15:59:05.748 [main] INFO  org.testng.log4testng.Logger.info(Logger.java:112)oggger - [Utils] MethodGroupsHelper.collectMethodsByGroup() took 0 ms.
15:59:05.748 [main] INFO  org.testng.log4testng.Logger.info(Logger.java:112)oggger - [Utils] MethodGroupsHelper.sortMethods() took 0 ms.
15:59:05.751 [main] INFO  org.testng.log4testng.Logger.info(Logger.java:112)oggger - [Utils] MethodGroupsHelper.collectMethodsByGroup() took 0 ms.
15:59:05.751 [main] INFO  org.testng.log4testng.Logger.info(Logger.java:112)oggger - [Utils] MethodGroupsHelper.sortMethods() took 0 ms.
15:59:05.753 [main] INFO  org.testng.log4testng.Logger.info(Logger.java:112)oggger - [Utils] MethodGroupsHelper.collectMethodsByGroup() took 0 ms.
15:59:05.753 [main] INFO  org.testng.log4testng.Logger.info(Logger.java:112)oggger - [Utils] MethodGroupsHelper.sortMethods() took 0 ms.
15:59:05.754 [main] INFO  org.testng.log4testng.Logger.info(Logger.java:112)oggger - [Utils] MethodGroupsHelper.collectMethodsByGroup() took 0 ms.
15:59:05.754 [main] INFO  org.testng.log4testng.Logger.info(Logger.java:112)oggger - [Utils] MethodGroupsHelper.sortMethods() took 0 ms.
15:59:05.755 [main] INFO  org.testng.log4testng.Logger.info(Logger.java:112)oggger - [Utils] MethodGroupsHelper.collectMethodsByGroup() took 0 ms.
15:59:05.755 [main] INFO  org.testng.log4testng.Logger.info(Logger.java:112)oggger - [Utils] MethodGroupsHelper.sortMethods() took 0 ms.
15:59:05.756 [main] INFO  org.testng.log4testng.Logger.info(Logger.java:112)oggger - [Utils] MethodGroupsHelper.collectMethodsByGroup() took 0 ms.
15:59:05.757 [main] INFO  org.testng.log4testng.Logger.info(Logger.java:112)oggger - [Utils] MethodGroupsHelper.sortMethods() took 1 ms.
15:59:05.758 [main] INFO  org.testng.log4testng.Logger.info(Logger.java:112)oggger - [Utils] MethodGroupsHelper.collectMethodsByGroup() took 0 ms.
15:59:05.758 [main] INFO  org.testng.log4testng.Logger.info(Logger.java:112)oggger - [Utils] MethodGroupsHelper.sortMethods() took 0 ms.
15:59:05.760 [main] INFO  org.testng.log4testng.Logger.info(Logger.java:112)oggger - [Utils] MethodGroupsHelper.collectMethodsByGroup() took 0 ms.
15:59:05.760 [main] INFO  org.testng.log4testng.Logger.info(Logger.java:112)oggger - [Utils] MethodGroupsHelper.sortMethods() took 0 ms.
15:59:05.760 [main] INFO  org.testng.log4testng.Logger.info(Logger.java:112)oggger - [Utils] MethodGroupsHelper.collectMethodsByGroup() took 0 ms.
15:59:05.761 [main] INFO  org.testng.log4testng.Logger.info(Logger.java:112)oggger - [Utils] MethodGroupsHelper.sortMethods() took 0 ms.
15:59:05.761 [main] INFO  org.testng.log4testng.Logger.info(Logger.java:112)oggger - [Utils] MethodGroupsHelper.collectMethodsByGroup() took 0 ms.
15:59:05.761 [main] INFO  org.testng.log4testng.Logger.info(Logger.java:112)oggger - [Utils] MethodGroupsHelper.sortMethods() took 0 ms.
15:59:05.763 [main] INFO  org.testng.log4testng.Logger.info(Logger.java:112)oggger - [Utils] MethodGroupsHelper.collectMethodsByGroup() took 0 ms.
15:59:05.763 [main] INFO  org.testng.log4testng.Logger.info(Logger.java:112)oggger - [Utils] MethodGroupsHelper.sortMethods() took 0 ms.
15:59:05.766 [main] INFO  org.testng.log4testng.Logger.info(Logger.java:112)oggger - [Utils] MethodGroupsHelper.collectMethodsByGroup() took 0 ms.
15:59:05.766 [main] INFO  org.testng.log4testng.Logger.info(Logger.java:112)oggger - [Utils] MethodGroupsHelper.sortMethods() took 0 ms.
15:59:05.766 [main] INFO  org.testng.log4testng.Logger.info(Logger.java:112)oggger - [Utils] MethodGroupsHelper.collectMethodsByGroup() took 0 ms.
15:59:05.767 [main] INFO  org.testng.log4testng.Logger.info(Logger.java:112)oggger - [Utils] MethodGroupsHelper.sortMethods() took 0 ms.
15:59:05.768 [main] INFO  org.testng.log4testng.Logger.info(Logger.java:112)oggger - [Utils] MethodGroupsHelper.collectMethodsByGroup() took 0 ms.
15:59:05.782 [main] INFO  org.testng.log4testng.Logger.info(Logger.java:112)oggger - [Utils] MethodGroupsHelper.sortMethods() took 13 ms.
15:59:05.784 [main] INFO  org.testng.log4testng.Logger.info(Logger.java:112)oggger - [Utils] MethodGroupsHelper.collectMethodsByGroup() took 0 ms.
15:59:05.784 [main] INFO  org.testng.log4testng.Logger.info(Logger.java:112)oggger - [Utils] MethodGroupsHelper.sortMethods() took 0 ms.
15:59:05.784 [main] INFO  org.testng.log4testng.Logger.info(Logger.java:112)oggger - [Utils] MethodGroupsHelper.collectMethodsByGroup() took 0 ms.
15:59:05.784 [main] INFO  org.testng.log4testng.Logger.info(Logger.java:112)oggger - [Utils] MethodGroupsHelper.sortMethods() took 0 ms.
15:59:05.793 [main] INFO  org.testng.log4testng.Logger.info(Logger.java:112)oggger - [TestNG] Running:
  C:\Users\mayur.kotekar\AppData\Local\Temp\testng-eclipse--1307596967\testng-customsuite.xml

15:59:05.809 [main] INFO  org.testng.log4testng.Logger.info(Logger.java:112)oggger - [Utils] DynamicGraphHelper.createDynamicGraph() took 5 ms.
15:59:23.816 [main] INFO  org.testng.log4testng.Logger.info(Logger.java:112)oggger - [TestNG] Time taken by org.testng.reporters.jq.Main@25b5c5e3: 76 ms
15:59:23.817 [main] INFO  org.testng.log4testng.Logger.info(Logger.java:112)oggger - [TestNG] Time taken by org.testng.reporters.FailedReporter@cc239ba: 1 ms
15:59:23.825 [main] INFO  org.testng.log4testng.Logger.info(Logger.java:112)oggger - [TestNG] Time taken by org.testng.reporters.XMLReporter@c6e0f32: 7 ms
15:59:23.829 [main] INFO  org.testng.log4testng.Logger.info(Logger.java:112)oggger - [TestNG] Time taken by org.testng.reporters.EmailableReporter2@24e08d59: 3 ms
15:59:23.834 [main] INFO  org.testng.log4testng.Logger.info(Logger.java:112)oggger - [TestNG] Time taken by org.testng.reporters.JUnitReportReporter@16ade133: 5 ms
15:59:23.834 [main] INFO  org.testng.log4testng.Logger.info(Logger.java:112)oggger - [TestNG] Time taken by org.testng.internal.ExitCodeListener@4e61e4c2: 0 ms
16:38:55.787 [main] DEBUG org.testng.log4testng.Logger.debug(Logger.java:82)oggger - suiteXmlPath: "C:\Users\MAYUR~1.KOT\AppData\Local\Temp\testng-eclipse-12894074\testng-customsuite.xml"
16:38:56.012 [main] INFO  org.testng.log4testng.Logger.info(Logger.java:112)oggger - [Utils] MethodGroupsHelper.collectMethodsByGroup() took 0 ms.
16:38:56.015 [main] INFO  org.testng.log4testng.Logger.info(Logger.java:112)oggger - [Utils] MethodGroupsHelper.sortMethods() took 1 ms.
16:38:56.017 [main] INFO  org.testng.log4testng.Logger.info(Logger.java:112)oggger - [Utils] MethodGroupsHelper.collectMethodsByGroup() took 0 ms.
16:38:56.017 [main] INFO  org.testng.log4testng.Logger.info(Logger.java:112)oggger - [Utils] MethodGroupsHelper.sortMethods() took 0 ms.
16:38:56.018 [main] INFO  org.testng.log4testng.Logger.info(Logger.java:112)oggger - [Utils] MethodGroupsHelper.collectMethodsByGroup() took 0 ms.
16:38:56.018 [main] INFO  org.testng.log4testng.Logger.info(Logger.java:112)oggger - [Utils] MethodGroupsHelper.sortMethods() took 0 ms.
16:38:56.018 [main] INFO  org.testng.log4testng.Logger.info(Logger.java:112)oggger - [Utils] MethodGroupsHelper.collectMethodsByGroup() took 0 ms.
16:38:56.018 [main] INFO  org.testng.log4testng.Logger.info(Logger.java:112)oggger - [Utils] MethodGroupsHelper.sortMethods() took 0 ms.
16:38:56.022 [main] INFO  org.testng.log4testng.Logger.info(Logger.java:112)oggger - [Utils] MethodGroupsHelper.collectMethodsByGroup() took 2 ms.
16:38:56.028 [main] INFO  org.testng.log4testng.Logger.info(Logger.java:112)oggger - [Utils] MethodGroupsHelper.sortMethods() took 6 ms.
16:38:56.030 [main] INFO  org.testng.log4testng.Logger.info(Logger.java:112)oggger - [Utils] MethodGroupsHelper.collectMethodsByGroup() took 0 ms.
16:38:56.031 [main] INFO  org.testng.log4testng.Logger.info(Logger.java:112)oggger - [Utils] MethodGroupsHelper.sortMethods() took 0 ms.
16:38:56.032 [main] INFO  org.testng.log4testng.Logger.info(Logger.java:112)oggger - [Utils] MethodGroupsHelper.collectMethodsByGroup() took 0 ms.
16:38:56.032 [main] INFO  org.testng.log4testng.Logger.info(Logger.java:112)oggger - [Utils] MethodGroupsHelper.sortMethods() took 0 ms.
16:38:56.033 [main] INFO  org.testng.log4testng.Logger.info(Logger.java:112)oggger - [Utils] MethodGroupsHelper.collectMethodsByGroup() took 0 ms.
16:38:56.033 [main] INFO  org.testng.log4testng.Logger.info(Logger.java:112)oggger - [Utils] MethodGroupsHelper.sortMethods() took 0 ms.
16:38:56.035 [main] INFO  org.testng.log4testng.Logger.info(Logger.java:112)oggger - [Utils] MethodGroupsHelper.collectMethodsByGroup() took 0 ms.
16:38:56.035 [main] INFO  org.testng.log4testng.Logger.info(Logger.java:112)oggger - [Utils] MethodGroupsHelper.sortMethods() took 0 ms.
16:38:56.036 [main] INFO  org.testng.log4testng.Logger.info(Logger.java:112)oggger - [Utils] MethodGroupsHelper.collectMethodsByGroup() took 0 ms.
16:38:56.036 [main] INFO  org.testng.log4testng.Logger.info(Logger.java:112)oggger - [Utils] MethodGroupsHelper.sortMethods() took 0 ms.
16:38:56.038 [main] INFO  org.testng.log4testng.Logger.info(Logger.java:112)oggger - [Utils] MethodGroupsHelper.collectMethodsByGroup() took 0 ms.
16:38:56.038 [main] INFO  org.testng.log4testng.Logger.info(Logger.java:112)oggger - [Utils] MethodGroupsHelper.sortMethods() took 0 ms.
16:38:56.038 [main] INFO  org.testng.log4testng.Logger.info(Logger.java:112)oggger - [Utils] MethodGroupsHelper.collectMethodsByGroup() took 0 ms.
16:38:56.038 [main] INFO  org.testng.log4testng.Logger.info(Logger.java:112)oggger - [Utils] MethodGroupsHelper.sortMethods() took 0 ms.
16:38:56.038 [main] INFO  org.testng.log4testng.Logger.info(Logger.java:112)oggger - [Utils] MethodGroupsHelper.collectMethodsByGroup() took 0 ms.
16:38:56.039 [main] INFO  org.testng.log4testng.Logger.info(Logger.java:112)oggger - [Utils] MethodGroupsHelper.sortMethods() took 0 ms.
16:38:56.039 [main] INFO  org.testng.log4testng.Logger.info(Logger.java:112)oggger - [Utils] MethodGroupsHelper.collectMethodsByGroup() took 0 ms.
16:38:56.039 [main] INFO  org.testng.log4testng.Logger.info(Logger.java:112)oggger - [Utils] MethodGroupsHelper.sortMethods() took 0 ms.
16:38:56.040 [main] INFO  org.testng.log4testng.Logger.info(Logger.java:112)oggger - [Utils] MethodGroupsHelper.collectMethodsByGroup() took 0 ms.
16:38:56.040 [main] INFO  org.testng.log4testng.Logger.info(Logger.java:112)oggger - [Utils] MethodGroupsHelper.sortMethods() took 0 ms.
16:38:56.040 [main] INFO  org.testng.log4testng.Logger.info(Logger.java:112)oggger - [Utils] MethodGroupsHelper.collectMethodsByGroup() took 0 ms.
16:38:56.041 [main] INFO  org.testng.log4testng.Logger.info(Logger.java:112)oggger - [Utils] MethodGroupsHelper.sortMethods() took 0 ms.
16:38:56.041 [main] INFO  org.testng.log4testng.Logger.info(Logger.java:112)oggger - [Utils] MethodGroupsHelper.collectMethodsByGroup() took 0 ms.
16:38:56.041 [main] INFO  org.testng.log4testng.Logger.info(Logger.java:112)oggger - [Utils] MethodGroupsHelper.sortMethods() took 0 ms.
16:38:56.042 [main] INFO  org.testng.log4testng.Logger.info(Logger.java:112)oggger - [Utils] MethodGroupsHelper.collectMethodsByGroup() took 0 ms.
16:38:56.042 [main] INFO  org.testng.log4testng.Logger.info(Logger.java:112)oggger - [Utils] MethodGroupsHelper.sortMethods() took 0 ms.
16:38:56.042 [main] INFO  org.testng.log4testng.Logger.info(Logger.java:112)oggger - [Utils] MethodGroupsHelper.collectMethodsByGroup() took 0 ms.
16:38:56.042 [main] INFO  org.testng.log4testng.Logger.info(Logger.java:112)oggger - [Utils] MethodGroupsHelper.sortMethods() took 0 ms.
16:38:56.042 [main] INFO  org.testng.log4testng.Logger.info(Logger.java:112)oggger - [Utils] MethodGroupsHelper.collectMethodsByGroup() took 0 ms.
16:38:56.042 [main] INFO  org.testng.log4testng.Logger.info(Logger.java:112)oggger - [Utils] MethodGroupsHelper.sortMethods() took 0 ms.
16:38:56.046 [main] INFO  org.testng.log4testng.Logger.info(Logger.java:112)oggger - [Utils] MethodGroupsHelper.collectMethodsByGroup() took 0 ms.
16:38:56.046 [main] INFO  org.testng.log4testng.Logger.info(Logger.java:112)oggger - [Utils] MethodGroupsHelper.sortMethods() took 0 ms.
16:38:56.046 [main] INFO  org.testng.log4testng.Logger.info(Logger.java:112)oggger - [Utils] MethodGroupsHelper.collectMethodsByGroup() took 0 ms.
16:38:56.047 [main] INFO  org.testng.log4testng.Logger.info(Logger.java:112)oggger - [Utils] MethodGroupsHelper.sortMethods() took 0 ms.
16:38:56.048 [main] INFO  org.testng.log4testng.Logger.info(Logger.java:112)oggger - [Utils] MethodGroupsHelper.collectMethodsByGroup() took 1 ms.
16:38:56.059 [main] INFO  org.testng.log4testng.Logger.info(Logger.java:112)oggger - [Utils] MethodGroupsHelper.sortMethods() took 9 ms.
16:38:56.060 [main] INFO  org.testng.log4testng.Logger.info(Logger.java:112)oggger - [Utils] MethodGroupsHelper.collectMethodsByGroup() took 0 ms.
16:38:56.060 [main] INFO  org.testng.log4testng.Logger.info(Logger.java:112)oggger - [Utils] MethodGroupsHelper.sortMethods() took 0 ms.
16:38:56.060 [main] INFO  org.testng.log4testng.Logger.info(Logger.java:112)oggger - [Utils] MethodGroupsHelper.collectMethodsByGroup() took 0 ms.
16:38:56.060 [main] INFO  org.testng.log4testng.Logger.info(Logger.java:112)oggger - [Utils] MethodGroupsHelper.sortMethods() took 0 ms.
16:38:56.067 [main] INFO  org.testng.log4testng.Logger.info(Logger.java:112)oggger - [TestNG] Running:
  C:\Users\mayur.kotekar\AppData\Local\Temp\testng-eclipse-12894074\testng-customsuite.xml

16:38:56.086 [main] INFO  org.testng.log4testng.Logger.info(Logger.java:112)oggger - [Utils] DynamicGraphHelper.createDynamicGraph() took 8 ms.
16:39:23.676 [main] INFO  org.testng.log4testng.Logger.info(Logger.java:112)oggger - [TestNG] Time taken by org.testng.reporters.jq.Main@203c20cf: 87 ms
16:39:23.697 [main] INFO  org.testng.log4testng.Logger.info(Logger.java:112)oggger - [TestNG] Time taken by org.testng.reporters.FailedReporter@345cf395: 21 ms
16:39:23.709 [main] INFO  org.testng.log4testng.Logger.info(Logger.java:112)oggger - [TestNG] Time taken by org.testng.reporters.XMLReporter@53ac845a: 11 ms
16:39:23.721 [main] INFO  org.testng.log4testng.Logger.info(Logger.java:112)oggger - [TestNG] Time taken by org.testng.reporters.EmailableReporter2@76c52298: 12 ms
16:39:23.731 [main] INFO  org.testng.log4testng.Logger.info(Logger.java:112)oggger - [TestNG] Time taken by org.testng.reporters.JUnitReportReporter@4393593c: 10 ms
16:39:23.732 [main] INFO  org.testng.log4testng.Logger.info(Logger.java:112)oggger - [TestNG] Time taken by org.testng.internal.ExitCodeListener@314c8b4a: 0 ms
16:39:48.131 [main] DEBUG org.testng.log4testng.Logger.debug(Logger.java:82)oggger - suiteXmlPath: "C:\Users\MAYUR~1.KOT\AppData\Local\Temp\testng-eclipse--2071598846\testng-customsuite.xml"
16:39:48.369 [main] INFO  org.testng.log4testng.Logger.info(Logger.java:112)oggger - [Utils] MethodGroupsHelper.collectMethodsByGroup() took 0 ms.
16:39:48.371 [main] INFO  org.testng.log4testng.Logger.info(Logger.java:112)oggger - [Utils] MethodGroupsHelper.sortMethods() took 0 ms.
16:39:48.372 [main] INFO  org.testng.log4testng.Logger.info(Logger.java:112)oggger - [Utils] MethodGroupsHelper.collectMethodsByGroup() took 0 ms.
16:39:48.373 [main] INFO  org.testng.log4testng.Logger.info(Logger.java:112)oggger - [Utils] MethodGroupsHelper.sortMethods() took 0 ms.
16:39:48.373 [main] INFO  org.testng.log4testng.Logger.info(Logger.java:112)oggger - [Utils] MethodGroupsHelper.collectMethodsByGroup() took 0 ms.
16:39:48.373 [main] INFO  org.testng.log4testng.Logger.info(Logger.java:112)oggger - [Utils] MethodGroupsHelper.sortMethods() took 0 ms.
16:39:48.373 [main] INFO  org.testng.log4testng.Logger.info(Logger.java:112)oggger - [Utils] MethodGroupsHelper.collectMethodsByGroup() took 0 ms.
16:39:48.374 [main] INFO  org.testng.log4testng.Logger.info(Logger.java:112)oggger - [Utils] MethodGroupsHelper.sortMethods() took 0 ms.
16:39:48.378 [main] INFO  org.testng.log4testng.Logger.info(Logger.java:112)oggger - [Utils] MethodGroupsHelper.collectMethodsByGroup() took 2 ms.
16:39:48.385 [main] INFO  org.testng.log4testng.Logger.info(Logger.java:112)oggger - [Utils] MethodGroupsHelper.sortMethods() took 6 ms.
16:39:48.388 [main] INFO  org.testng.log4testng.Logger.info(Logger.java:112)oggger - [Utils] MethodGroupsHelper.collectMethodsByGroup() took 0 ms.
16:39:48.389 [main] INFO  org.testng.log4testng.Logger.info(Logger.java:112)oggger - [Utils] MethodGroupsHelper.sortMethods() took 0 ms.
16:39:48.390 [main] INFO  org.testng.log4testng.Logger.info(Logger.java:112)oggger - [Utils] MethodGroupsHelper.collectMethodsByGroup() took 0 ms.
16:39:48.390 [main] INFO  org.testng.log4testng.Logger.info(Logger.java:112)oggger - [Utils] MethodGroupsHelper.sortMethods() took 0 ms.
16:39:48.391 [main] INFO  org.testng.log4testng.Logger.info(Logger.java:112)oggger - [Utils] MethodGroupsHelper.collectMethodsByGroup() took 0 ms.
16:39:48.391 [main] INFO  org.testng.log4testng.Logger.info(Logger.java:112)oggger - [Utils] MethodGroupsHelper.sortMethods() took 0 ms.
16:39:48.392 [main] INFO  org.testng.log4testng.Logger.info(Logger.java:112)oggger - [Utils] MethodGroupsHelper.collectMethodsByGroup() took 0 ms.
16:39:48.392 [main] INFO  org.testng.log4testng.Logger.info(Logger.java:112)oggger - [Utils] MethodGroupsHelper.sortMethods() took 0 ms.
16:39:48.393 [main] INFO  org.testng.log4testng.Logger.info(Logger.java:112)oggger - [Utils] MethodGroupsHelper.collectMethodsByGroup() took 0 ms.
16:39:48.393 [main] INFO  org.testng.log4testng.Logger.info(Logger.java:112)oggger - [Utils] MethodGroupsHelper.sortMethods() took 0 ms.
16:39:48.397 [main] INFO  org.testng.log4testng.Logger.info(Logger.java:112)oggger - [Utils] MethodGroupsHelper.collectMethodsByGroup() took 0 ms.
16:39:48.397 [main] INFO  org.testng.log4testng.Logger.info(Logger.java:112)oggger - [Utils] MethodGroupsHelper.sortMethods() took 0 ms.
16:39:48.398 [main] INFO  org.testng.log4testng.Logger.info(Logger.java:112)oggger - [Utils] MethodGroupsHelper.collectMethodsByGroup() took 0 ms.
16:39:48.398 [main] INFO  org.testng.log4testng.Logger.info(Logger.java:112)oggger - [Utils] MethodGroupsHelper.sortMethods() took 0 ms.
16:39:48.398 [main] INFO  org.testng.log4testng.Logger.info(Logger.java:112)oggger - [Utils] MethodGroupsHelper.collectMethodsByGroup() took 0 ms.
16:39:48.398 [main] INFO  org.testng.log4testng.Logger.info(Logger.java:112)oggger - [Utils] MethodGroupsHelper.sortMethods() took 0 ms.
16:39:48.399 [main] INFO  org.testng.log4testng.Logger.info(Logger.java:112)oggger - [Utils] MethodGroupsHelper.collectMethodsByGroup() took 0 ms.
16:39:48.399 [main] INFO  org.testng.log4testng.Logger.info(Logger.java:112)oggger - [Utils] MethodGroupsHelper.sortMethods() took 0 ms.
16:39:48.400 [main] INFO  org.testng.log4testng.Logger.info(Logger.java:112)oggger - [Utils] MethodGroupsHelper.collectMethodsByGroup() took 0 ms.
16:39:48.400 [main] INFO  org.testng.log4testng.Logger.info(Logger.java:112)oggger - [Utils] MethodGroupsHelper.sortMethods() took 0 ms.
16:39:48.401 [main] INFO  org.testng.log4testng.Logger.info(Logger.java:112)oggger - [Utils] MethodGroupsHelper.collectMethodsByGroup() took 1 ms.
16:39:48.401 [main] INFO  org.testng.log4testng.Logger.info(Logger.java:112)oggger - [Utils] MethodGroupsHelper.sortMethods() took 0 ms.
16:39:48.402 [main] INFO  org.testng.log4testng.Logger.info(Logger.java:112)oggger - [Utils] MethodGroupsHelper.collectMethodsByGroup() took 0 ms.
16:39:48.402 [main] INFO  org.testng.log4testng.Logger.info(Logger.java:112)oggger - [Utils] MethodGroupsHelper.sortMethods() took 0 ms.
16:39:48.403 [main] INFO  org.testng.log4testng.Logger.info(Logger.java:112)oggger - [Utils] MethodGroupsHelper.collectMethodsByGroup() took 0 ms.
16:39:48.403 [main] INFO  org.testng.log4testng.Logger.info(Logger.java:112)oggger - [Utils] MethodGroupsHelper.sortMethods() took 0 ms.
16:39:48.404 [main] INFO  org.testng.log4testng.Logger.info(Logger.java:112)oggger - [Utils] MethodGroupsHelper.collectMethodsByGroup() took 0 ms.
16:39:48.404 [main] INFO  org.testng.log4testng.Logger.info(Logger.java:112)oggger - [Utils] MethodGroupsHelper.sortMethods() took 0 ms.
16:39:48.405 [main] INFO  org.testng.log4testng.Logger.info(Logger.java:112)oggger - [Utils] MethodGroupsHelper.collectMethodsByGroup() took 0 ms.
16:39:48.405 [main] INFO  org.testng.log4testng.Logger.info(Logger.java:112)oggger - [Utils] MethodGroupsHelper.sortMethods() took 0 ms.
16:39:48.407 [main] INFO  org.testng.log4testng.Logger.info(Logger.java:112)oggger - [Utils] MethodGroupsHelper.collectMethodsByGroup() took 0 ms.
16:39:48.407 [main] INFO  org.testng.log4testng.Logger.info(Logger.java:112)oggger - [Utils] MethodGroupsHelper.sortMethods() took 0 ms.
16:39:48.408 [main] INFO  org.testng.log4testng.Logger.info(Logger.java:112)oggger - [Utils] MethodGroupsHelper.collectMethodsByGroup() took 0 ms.
16:39:48.408 [main] INFO  org.testng.log4testng.Logger.info(Logger.java:112)oggger - [Utils] MethodGroupsHelper.sortMethods() took 0 ms.
16:39:48.409 [main] INFO  org.testng.log4testng.Logger.info(Logger.java:112)oggger - [Utils] MethodGroupsHelper.collectMethodsByGroup() took 1 ms.
16:39:48.418 [main] INFO  org.testng.log4testng.Logger.info(Logger.java:112)oggger - [Utils] MethodGroupsHelper.sortMethods() took 8 ms.
16:39:48.419 [main] INFO  org.testng.log4testng.Logger.info(Logger.java:112)oggger - [Utils] MethodGroupsHelper.collectMethodsByGroup() took 0 ms.
16:39:48.419 [main] INFO  org.testng.log4testng.Logger.info(Logger.java:112)oggger - [Utils] MethodGroupsHelper.sortMethods() took 0 ms.
16:39:48.419 [main] INFO  org.testng.log4testng.Logger.info(Logger.java:112)oggger - [Utils] MethodGroupsHelper.collectMethodsByGroup() took 0 ms.
16:39:48.419 [main] INFO  org.testng.log4testng.Logger.info(Logger.java:112)oggger - [Utils] MethodGroupsHelper.sortMethods() took 0 ms.
16:39:48.426 [main] INFO  org.testng.log4testng.Logger.info(Logger.java:112)oggger - [TestNG] Running:
  C:\Users\mayur.kotekar\AppData\Local\Temp\testng-eclipse--2071598846\testng-customsuite.xml

16:39:48.445 [main] INFO  org.testng.log4testng.Logger.info(Logger.java:112)oggger - [Utils] DynamicGraphHelper.createDynamicGraph() took 7 ms.
16:40:18.671 [main] INFO  org.testng.log4testng.Logger.info(Logger.java:112)oggger - [TestNG] Time taken by org.testng.reporters.jq.Main@7bb35cc6: 77 ms
16:40:18.691 [main] INFO  org.testng.log4testng.Logger.info(Logger.java:112)oggger - [TestNG] Time taken by org.testng.reporters.FailedReporter@1c504e66: 20 ms
16:40:18.706 [main] INFO  org.testng.log4testng.Logger.info(Logger.java:112)oggger - [TestNG] Time taken by org.testng.reporters.XMLReporter@17b64941: 15 ms
16:40:18.714 [main] INFO  org.testng.log4testng.Logger.info(Logger.java:112)oggger - [TestNG] Time taken by org.testng.reporters.EmailableReporter2@6aef4eb8: 8 ms
16:40:18.724 [main] INFO  org.testng.log4testng.Logger.info(Logger.java:112)oggger - [TestNG] Time taken by org.testng.reporters.JUnitReportReporter@1f6d27cc: 9 ms
16:40:18.725 [main] INFO  org.testng.log4testng.Logger.info(Logger.java:112)oggger - [TestNG] Time taken by org.testng.internal.ExitCodeListener@4393593c: 0 ms
16:41:51.539 [main] DEBUG org.testng.log4testng.Logger.debug(Logger.java:82)oggger - suiteXmlPath: "C:\Users\MAYUR~1.KOT\AppData\Local\Temp\testng-eclipse--688462655\testng-customsuite.xml"
16:41:51.767 [main] INFO  org.testng.log4testng.Logger.info(Logger.java:112)oggger - [Utils] MethodGroupsHelper.collectMethodsByGroup() took 1 ms.
16:41:51.769 [main] INFO  org.testng.log4testng.Logger.info(Logger.java:112)oggger - [Utils] MethodGroupsHelper.sortMethods() took 1 ms.
16:41:51.770 [main] INFO  org.testng.log4testng.Logger.info(Logger.java:112)oggger - [Utils] MethodGroupsHelper.collectMethodsByGroup() took 0 ms.
16:41:51.771 [main] INFO  org.testng.log4testng.Logger.info(Logger.java:112)oggger - [Utils] MethodGroupsHelper.sortMethods() took 0 ms.
16:41:51.771 [main] INFO  org.testng.log4testng.Logger.info(Logger.java:112)oggger - [Utils] MethodGroupsHelper.collectMethodsByGroup() took 0 ms.
16:41:51.771 [main] INFO  org.testng.log4testng.Logger.info(Logger.java:112)oggger - [Utils] MethodGroupsHelper.sortMethods() took 0 ms.
16:41:51.772 [main] INFO  org.testng.log4testng.Logger.info(Logger.java:112)oggger - [Utils] MethodGroupsHelper.collectMethodsByGroup() took 0 ms.
16:41:51.772 [main] INFO  org.testng.log4testng.Logger.info(Logger.java:112)oggger - [Utils] MethodGroupsHelper.sortMethods() took 0 ms.
16:41:51.777 [main] INFO  org.testng.log4testng.Logger.info(Logger.java:112)oggger - [Utils] MethodGroupsHelper.collectMethodsByGroup() took 3 ms.
16:41:51.785 [main] INFO  org.testng.log4testng.Logger.info(Logger.java:112)oggger - [Utils] MethodGroupsHelper.sortMethods() took 8 ms.
16:41:51.786 [main] INFO  org.testng.log4testng.Logger.info(Logger.java:112)oggger - [Utils] MethodGroupsHelper.collectMethodsByGroup() took 0 ms.
16:41:51.787 [main] INFO  org.testng.log4testng.Logger.info(Logger.java:112)oggger - [Utils] MethodGroupsHelper.sortMethods() took 0 ms.
16:41:51.787 [main] INFO  org.testng.log4testng.Logger.info(Logger.java:112)oggger - [Utils] MethodGroupsHelper.collectMethodsByGroup() took 0 ms.
16:41:51.788 [main] INFO  org.testng.log4testng.Logger.info(Logger.java:112)oggger - [Utils] MethodGroupsHelper.sortMethods() took 1 ms.
16:41:51.789 [main] INFO  org.testng.log4testng.Logger.info(Logger.java:112)oggger - [Utils] MethodGroupsHelper.collectMethodsByGroup() took 0 ms.
16:41:51.789 [main] INFO  org.testng.log4testng.Logger.info(Logger.java:112)oggger - [Utils] MethodGroupsHelper.sortMethods() took 0 ms.
16:41:51.791 [main] INFO  org.testng.log4testng.Logger.info(Logger.java:112)oggger - [Utils] MethodGroupsHelper.collectMethodsByGroup() took 0 ms.
16:41:51.791 [main] INFO  org.testng.log4testng.Logger.info(Logger.java:112)oggger - [Utils] MethodGroupsHelper.sortMethods() took 0 ms.
16:41:51.791 [main] INFO  org.testng.log4testng.Logger.info(Logger.java:112)oggger - [Utils] MethodGroupsHelper.collectMethodsByGroup() took 0 ms.
16:41:51.791 [main] INFO  org.testng.log4testng.Logger.info(Logger.java:112)oggger - [Utils] MethodGroupsHelper.sortMethods() took 0 ms.
16:41:51.794 [main] INFO  org.testng.log4testng.Logger.info(Logger.java:112)oggger - [Utils] MethodGroupsHelper.collectMethodsByGroup() took 0 ms.
16:41:51.794 [main] INFO  org.testng.log4testng.Logger.info(Logger.java:112)oggger - [Utils] MethodGroupsHelper.sortMethods() took 0 ms.
16:41:51.795 [main] INFO  org.testng.log4testng.Logger.info(Logger.java:112)oggger - [Utils] MethodGroupsHelper.collectMethodsByGroup() took 0 ms.
16:41:51.795 [main] INFO  org.testng.log4testng.Logger.info(Logger.java:112)oggger - [Utils] MethodGroupsHelper.sortMethods() took 0 ms.
16:41:51.795 [main] INFO  org.testng.log4testng.Logger.info(Logger.java:112)oggger - [Utils] MethodGroupsHelper.collectMethodsByGroup() took 0 ms.
16:41:51.795 [main] INFO  org.testng.log4testng.Logger.info(Logger.java:112)oggger - [Utils] MethodGroupsHelper.sortMethods() took 0 ms.
16:41:51.796 [main] INFO  org.testng.log4testng.Logger.info(Logger.java:112)oggger - [Utils] MethodGroupsHelper.collectMethodsByGroup() took 0 ms.
16:41:51.796 [main] INFO  org.testng.log4testng.Logger.info(Logger.java:112)oggger - [Utils] MethodGroupsHelper.sortMethods() took 0 ms.
16:41:51.796 [main] INFO  org.testng.log4testng.Logger.info(Logger.java:112)oggger - [Utils] MethodGroupsHelper.collectMethodsByGroup() took 0 ms.
16:41:51.796 [main] INFO  org.testng.log4testng.Logger.info(Logger.java:112)oggger - [Utils] MethodGroupsHelper.sortMethods() took 0 ms.
16:41:51.797 [main] INFO  org.testng.log4testng.Logger.info(Logger.java:112)oggger - [Utils] MethodGroupsHelper.collectMethodsByGroup() took 0 ms.
16:41:51.797 [main] INFO  org.testng.log4testng.Logger.info(Logger.java:112)oggger - [Utils] MethodGroupsHelper.sortMethods() took 0 ms.
16:41:51.798 [main] INFO  org.testng.log4testng.Logger.info(Logger.java:112)oggger - [Utils] MethodGroupsHelper.collectMethodsByGroup() took 0 ms.
16:41:51.798 [main] INFO  org.testng.log4testng.Logger.info(Logger.java:112)oggger - [Utils] MethodGroupsHelper.sortMethods() took 0 ms.
16:41:51.798 [main] INFO  org.testng.log4testng.Logger.info(Logger.java:112)oggger - [Utils] MethodGroupsHelper.collectMethodsByGroup() took 0 ms.
16:41:51.798 [main] INFO  org.testng.log4testng.Logger.info(Logger.java:112)oggger - [Utils] MethodGroupsHelper.sortMethods() took 0 ms.
16:41:51.798 [main] INFO  org.testng.log4testng.Logger.info(Logger.java:112)oggger - [Utils] MethodGroupsHelper.collectMethodsByGroup() took 0 ms.
16:41:51.798 [main] INFO  org.testng.log4testng.Logger.info(Logger.java:112)oggger - [Utils] MethodGroupsHelper.sortMethods() took 0 ms.
16:41:51.799 [main] INFO  org.testng.log4testng.Logger.info(Logger.java:112)oggger - [Utils] MethodGroupsHelper.collectMethodsByGroup() took 0 ms.
16:41:51.799 [main] INFO  org.testng.log4testng.Logger.info(Logger.java:112)oggger - [Utils] MethodGroupsHelper.sortMethods() took 0 ms.
16:41:51.801 [main] INFO  org.testng.log4testng.Logger.info(Logger.java:112)oggger - [Utils] MethodGroupsHelper.collectMethodsByGroup() took 0 ms.
16:41:51.801 [main] INFO  org.testng.log4testng.Logger.info(Logger.java:112)oggger - [Utils] MethodGroupsHelper.sortMethods() took 0 ms.
16:41:51.801 [main] INFO  org.testng.log4testng.Logger.info(Logger.java:112)oggger - [Utils] MethodGroupsHelper.collectMethodsByGroup() took 0 ms.
16:41:51.801 [main] INFO  org.testng.log4testng.Logger.info(Logger.java:112)oggger - [Utils] MethodGroupsHelper.sortMethods() took 0 ms.
16:41:51.802 [main] INFO  org.testng.log4testng.Logger.info(Logger.java:112)oggger - [Utils] MethodGroupsHelper.collectMethodsByGroup() took 0 ms.
16:41:51.812 [main] INFO  org.testng.log4testng.Logger.info(Logger.java:112)oggger - [Utils] MethodGroupsHelper.sortMethods() took 10 ms.
16:41:51.813 [main] INFO  org.testng.log4testng.Logger.info(Logger.java:112)oggger - [Utils] MethodGroupsHelper.collectMethodsByGroup() took 0 ms.
16:41:51.813 [main] INFO  org.testng.log4testng.Logger.info(Logger.java:112)oggger - [Utils] MethodGroupsHelper.sortMethods() took 0 ms.
16:41:51.813 [main] INFO  org.testng.log4testng.Logger.info(Logger.java:112)oggger - [Utils] MethodGroupsHelper.collectMethodsByGroup() took 0 ms.
16:41:51.814 [main] INFO  org.testng.log4testng.Logger.info(Logger.java:112)oggger - [Utils] MethodGroupsHelper.sortMethods() took 0 ms.
16:41:51.819 [main] INFO  org.testng.log4testng.Logger.info(Logger.java:112)oggger - [TestNG] Running:
  C:\Users\mayur.kotekar\AppData\Local\Temp\testng-eclipse--688462655\testng-customsuite.xml

16:41:51.836 [main] INFO  org.testng.log4testng.Logger.info(Logger.java:112)oggger - [Utils] DynamicGraphHelper.createDynamicGraph() took 3 ms.
16:42:19.353 [main] INFO  org.testng.log4testng.Logger.info(Logger.java:112)oggger - [TestNG] Time taken by org.testng.reporters.jq.Main@10667848: 185 ms
16:42:19.400 [main] INFO  org.testng.log4testng.Logger.info(Logger.java:112)oggger - [TestNG] Time taken by org.testng.reporters.FailedReporter@1cc9cfb2: 45 ms
16:42:19.427 [main] INFO  org.testng.log4testng.Logger.info(Logger.java:112)oggger - [TestNG] Time taken by org.testng.reporters.XMLReporter@49cf9028: 27 ms
16:42:19.465 [main] INFO  org.testng.log4testng.Logger.info(Logger.java:112)oggger - [TestNG] Time taken by org.testng.reporters.EmailableReporter2@290aeb20: 38 ms
16:42:19.493 [main] INFO  org.testng.log4testng.Logger.info(Logger.java:112)oggger - [TestNG] Time taken by org.testng.reporters.JUnitReportReporter@787f32b7: 28 ms
16:42:19.493 [main] INFO  org.testng.log4testng.Logger.info(Logger.java:112)oggger - [TestNG] Time taken by org.testng.internal.ExitCodeListener@6aef4eb8: 0 ms
16:56:38.726 [main] DEBUG org.testng.log4testng.Logger.debug(Logger.java:82)oggger - suiteXmlPath: "C:\Users\MAYUR~1.KOT\AppData\Local\Temp\testng-eclipse-1172271682\testng-customsuite.xml"
16:56:38.959 [main] INFO  org.testng.log4testng.Logger.info(Logger.java:112)oggger - [Utils] MethodGroupsHelper.collectMethodsByGroup() took 1 ms.
16:56:38.962 [main] INFO  org.testng.log4testng.Logger.info(Logger.java:112)oggger - [Utils] MethodGroupsHelper.sortMethods() took 0 ms.
16:56:38.963 [main] INFO  org.testng.log4testng.Logger.info(Logger.java:112)oggger - [Utils] MethodGroupsHelper.collectMethodsByGroup() took 0 ms.
16:56:38.963 [main] INFO  org.testng.log4testng.Logger.info(Logger.java:112)oggger - [Utils] MethodGroupsHelper.sortMethods() took 0 ms.
16:56:38.963 [main] INFO  org.testng.log4testng.Logger.info(Logger.java:112)oggger - [Utils] MethodGroupsHelper.collectMethodsByGroup() took 0 ms.
16:56:38.964 [main] INFO  org.testng.log4testng.Logger.info(Logger.java:112)oggger - [Utils] MethodGroupsHelper.sortMethods() took 0 ms.
16:56:38.964 [main] INFO  org.testng.log4testng.Logger.info(Logger.java:112)oggger - [Utils] MethodGroupsHelper.collectMethodsByGroup() took 0 ms.
16:56:38.964 [main] INFO  org.testng.log4testng.Logger.info(Logger.java:112)oggger - [Utils] MethodGroupsHelper.sortMethods() took 0 ms.
16:56:38.969 [main] INFO  org.testng.log4testng.Logger.info(Logger.java:112)oggger - [Utils] MethodGroupsHelper.collectMethodsByGroup() took 4 ms.
16:56:38.977 [main] INFO  org.testng.log4testng.Logger.info(Logger.java:112)oggger - [Utils] MethodGroupsHelper.sortMethods() took 6 ms.
16:56:38.977 [main] INFO  org.testng.log4testng.Logger.info(Logger.java:112)oggger - [Utils] MethodGroupsHelper.collectMethodsByGroup() took 0 ms.
16:56:38.977 [main] INFO  org.testng.log4testng.Logger.info(Logger.java:112)oggger - [Utils] MethodGroupsHelper.sortMethods() took 0 ms.
16:56:38.978 [main] INFO  org.testng.log4testng.Logger.info(Logger.java:112)oggger - [Utils] MethodGroupsHelper.collectMethodsByGroup() took 0 ms.
16:56:38.978 [main] INFO  org.testng.log4testng.Logger.info(Logger.java:112)oggger - [Utils] MethodGroupsHelper.sortMethods() took 0 ms.
16:56:38.978 [main] INFO  org.testng.log4testng.Logger.info(Logger.java:112)oggger - [Utils] MethodGroupsHelper.collectMethodsByGroup() took 0 ms.
16:56:38.978 [main] INFO  org.testng.log4testng.Logger.info(Logger.java:112)oggger - [Utils] MethodGroupsHelper.sortMethods() took 0 ms.
16:56:38.980 [main] INFO  org.testng.log4testng.Logger.info(Logger.java:112)oggger - [Utils] MethodGroupsHelper.collectMethodsByGroup() took 0 ms.
16:56:38.980 [main] INFO  org.testng.log4testng.Logger.info(Logger.java:112)oggger - [Utils] MethodGroupsHelper.sortMethods() took 0 ms.
16:56:38.980 [main] INFO  org.testng.log4testng.Logger.info(Logger.java:112)oggger - [Utils] MethodGroupsHelper.collectMethodsByGroup() took 0 ms.
16:56:38.980 [main] INFO  org.testng.log4testng.Logger.info(Logger.java:112)oggger - [Utils] MethodGroupsHelper.sortMethods() took 0 ms.
16:56:38.984 [main] INFO  org.testng.log4testng.Logger.info(Logger.java:112)oggger - [Utils] MethodGroupsHelper.collectMethodsByGroup() took 0 ms.
16:56:38.984 [main] INFO  org.testng.log4testng.Logger.info(Logger.java:112)oggger - [Utils] MethodGroupsHelper.sortMethods() took 0 ms.
16:56:38.985 [main] INFO  org.testng.log4testng.Logger.info(Logger.java:112)oggger - [Utils] MethodGroupsHelper.collectMethodsByGroup() took 0 ms.
16:56:38.985 [main] INFO  org.testng.log4testng.Logger.info(Logger.java:112)oggger - [Utils] MethodGroupsHelper.sortMethods() took 0 ms.
16:56:38.986 [main] INFO  org.testng.log4testng.Logger.info(Logger.java:112)oggger - [Utils] MethodGroupsHelper.collectMethodsByGroup() took 0 ms.
16:56:38.989 [main] INFO  org.testng.log4testng.Logger.info(Logger.java:112)oggger - [Utils] MethodGroupsHelper.sortMethods() took 3 ms.
16:57:29.590 [main] DEBUG org.testng.log4testng.Logger.debug(Logger.java:82)oggger - suiteXmlPath: "C:\Users\MAYUR~1.KOT\AppData\Local\Temp\testng-eclipse--966285299\testng-customsuite.xml"
16:57:29.812 [main] INFO  org.testng.log4testng.Logger.info(Logger.java:112)oggger - [Utils] MethodGroupsHelper.collectMethodsByGroup() took 0 ms.
16:57:29.814 [main] INFO  org.testng.log4testng.Logger.info(Logger.java:112)oggger - [Utils] MethodGroupsHelper.sortMethods() took 1 ms.
16:57:29.815 [main] INFO  org.testng.log4testng.Logger.info(Logger.java:112)oggger - [Utils] MethodGroupsHelper.collectMethodsByGroup() took 0 ms.
16:57:29.815 [main] INFO  org.testng.log4testng.Logger.info(Logger.java:112)oggger - [Utils] MethodGroupsHelper.sortMethods() took 0 ms.
16:57:29.816 [main] INFO  org.testng.log4testng.Logger.info(Logger.java:112)oggger - [Utils] MethodGroupsHelper.collectMethodsByGroup() took 0 ms.
16:57:29.816 [main] INFO  org.testng.log4testng.Logger.info(Logger.java:112)oggger - [Utils] MethodGroupsHelper.sortMethods() took 0 ms.
16:57:29.816 [main] INFO  org.testng.log4testng.Logger.info(Logger.java:112)oggger - [Utils] MethodGroupsHelper.collectMethodsByGroup() took 0 ms.
16:57:29.816 [main] INFO  org.testng.log4testng.Logger.info(Logger.java:112)oggger - [Utils] MethodGroupsHelper.sortMethods() took 0 ms.
16:57:29.821 [main] INFO  org.testng.log4testng.Logger.info(Logger.java:112)oggger - [Utils] MethodGroupsHelper.collectMethodsByGroup() took 3 ms.
16:57:29.830 [main] INFO  org.testng.log4testng.Logger.info(Logger.java:112)oggger - [Utils] MethodGroupsHelper.sortMethods() took 8 ms.
16:57:29.831 [main] INFO  org.testng.log4testng.Logger.info(Logger.java:112)oggger - [Utils] MethodGroupsHelper.collectMethodsByGroup() took 0 ms.
16:57:29.831 [main] INFO  org.testng.log4testng.Logger.info(Logger.java:112)oggger - [Utils] MethodGroupsHelper.sortMethods() took 0 ms.
16:57:29.831 [main] INFO  org.testng.log4testng.Logger.info(Logger.java:112)oggger - [Utils] MethodGroupsHelper.collectMethodsByGroup() took 0 ms.
16:57:29.831 [main] INFO  org.testng.log4testng.Logger.info(Logger.java:112)oggger - [Utils] MethodGroupsHelper.sortMethods() took 0 ms.
16:57:29.832 [main] INFO  org.testng.log4testng.Logger.info(Logger.java:112)oggger - [Utils] MethodGroupsHelper.collectMethodsByGroup() took 0 ms.
16:57:29.832 [main] INFO  org.testng.log4testng.Logger.info(Logger.java:112)oggger - [Utils] MethodGroupsHelper.sortMethods() took 0 ms.
16:57:29.833 [main] INFO  org.testng.log4testng.Logger.info(Logger.java:112)oggger - [Utils] MethodGroupsHelper.collectMethodsByGroup() took 0 ms.
16:57:29.833 [main] INFO  org.testng.log4testng.Logger.info(Logger.java:112)oggger - [Utils] MethodGroupsHelper.sortMethods() took 0 ms.
16:57:29.834 [main] INFO  org.testng.log4testng.Logger.info(Logger.java:112)oggger - [Utils] MethodGroupsHelper.collectMethodsByGroup() took 0 ms.
16:57:29.834 [main] INFO  org.testng.log4testng.Logger.info(Logger.java:112)oggger - [Utils] MethodGroupsHelper.sortMethods() took 0 ms.
16:57:29.837 [main] INFO  org.testng.log4testng.Logger.info(Logger.java:112)oggger - [Utils] MethodGroupsHelper.collectMethodsByGroup() took 0 ms.
16:57:29.837 [main] INFO  org.testng.log4testng.Logger.info(Logger.java:112)oggger - [Utils] MethodGroupsHelper.sortMethods() took 0 ms.
16:57:29.837 [main] INFO  org.testng.log4testng.Logger.info(Logger.java:112)oggger - [Utils] MethodGroupsHelper.collectMethodsByGroup() took 0 ms.
16:57:29.837 [main] INFO  org.testng.log4testng.Logger.info(Logger.java:112)oggger - [Utils] MethodGroupsHelper.sortMethods() took 0 ms.
16:57:29.838 [main] INFO  org.testng.log4testng.Logger.info(Logger.java:112)oggger - [Utils] MethodGroupsHelper.collectMethodsByGroup() took 0 ms.
16:57:29.838 [main] INFO  org.testng.log4testng.Logger.info(Logger.java:112)oggger - [Utils] MethodGroupsHelper.sortMethods() took 0 ms.
16:57:29.838 [main] INFO  org.testng.log4testng.Logger.info(Logger.java:112)oggger - [Utils] MethodGroupsHelper.collectMethodsByGroup() took 0 ms.
16:57:29.838 [main] INFO  org.testng.log4testng.Logger.info(Logger.java:112)oggger - [Utils] MethodGroupsHelper.sortMethods() took 0 ms.
16:57:29.839 [main] INFO  org.testng.log4testng.Logger.info(Logger.java:112)oggger - [Utils] MethodGroupsHelper.collectMethodsByGroup() took 0 ms.
16:57:29.840 [main] INFO  org.testng.log4testng.Logger.info(Logger.java:112)oggger - [Utils] MethodGroupsHelper.sortMethods() took 1 ms.
16:57:29.840 [main] INFO  org.testng.log4testng.Logger.info(Logger.java:112)oggger - [Utils] MethodGroupsHelper.collectMethodsByGroup() took 0 ms.
16:57:29.841 [main] INFO  org.testng.log4testng.Logger.info(Logger.java:112)oggger - [Utils] MethodGroupsHelper.sortMethods() took 0 ms.
16:57:29.841 [main] INFO  org.testng.log4testng.Logger.info(Logger.java:112)oggger - [Utils] MethodGroupsHelper.collectMethodsByGroup() took 0 ms.
16:57:29.841 [main] INFO  org.testng.log4testng.Logger.info(Logger.java:112)oggger - [Utils] MethodGroupsHelper.sortMethods() took 0 ms.
16:57:29.841 [main] INFO  org.testng.log4testng.Logger.info(Logger.java:112)oggger - [Utils] MethodGroupsHelper.collectMethodsByGroup() took 0 ms.
16:57:29.841 [main] INFO  org.testng.log4testng.Logger.info(Logger.java:112)oggger - [Utils] MethodGroupsHelper.sortMethods() took 0 ms.
16:57:29.842 [main] INFO  org.testng.log4testng.Logger.info(Logger.java:112)oggger - [Utils] MethodGroupsHelper.collectMethodsByGroup() took 0 ms.
16:57:29.842 [main] INFO  org.testng.log4testng.Logger.info(Logger.java:112)oggger - [Utils] MethodGroupsHelper.sortMethods() took 0 ms.
16:57:29.842 [main] INFO  org.testng.log4testng.Logger.info(Logger.java:112)oggger - [Utils] MethodGroupsHelper.collectMethodsByGroup() took 0 ms.
16:57:29.842 [main] INFO  org.testng.log4testng.Logger.info(Logger.java:112)oggger - [Utils] MethodGroupsHelper.sortMethods() took 0 ms.
16:57:29.844 [main] INFO  org.testng.log4testng.Logger.info(Logger.java:112)oggger - [Utils] MethodGroupsHelper.collectMethodsByGroup() took 0 ms.
16:57:29.845 [main] INFO  org.testng.log4testng.Logger.info(Logger.java:112)oggger - [Utils] MethodGroupsHelper.sortMethods() took 0 ms.
16:57:29.845 [main] INFO  org.testng.log4testng.Logger.info(Logger.java:112)oggger - [Utils] MethodGroupsHelper.collectMethodsByGroup() took 0 ms.
16:57:29.845 [main] INFO  org.testng.log4testng.Logger.info(Logger.java:112)oggger - [Utils] MethodGroupsHelper.sortMethods() took 0 ms.
16:57:29.846 [main] INFO  org.testng.log4testng.Logger.info(Logger.java:112)oggger - [Utils] MethodGroupsHelper.collectMethodsByGroup() took 0 ms.
16:57:29.861 [main] INFO  org.testng.log4testng.Logger.info(Logger.java:112)oggger - [Utils] MethodGroupsHelper.sortMethods() took 14 ms.
16:57:29.862 [main] INFO  org.testng.log4testng.Logger.info(Logger.java:112)oggger - [Utils] MethodGroupsHelper.collectMethodsByGroup() took 0 ms.
16:57:29.863 [main] INFO  org.testng.log4testng.Logger.info(Logger.java:112)oggger - [Utils] MethodGroupsHelper.sortMethods() took 0 ms.
16:57:29.863 [main] INFO  org.testng.log4testng.Logger.info(Logger.java:112)oggger - [Utils] MethodGroupsHelper.collectMethodsByGroup() took 0 ms.
16:57:29.863 [main] INFO  org.testng.log4testng.Logger.info(Logger.java:112)oggger - [Utils] MethodGroupsHelper.sortMethods() took 0 ms.
16:57:29.871 [main] INFO  org.testng.log4testng.Logger.info(Logger.java:112)oggger - [TestNG] Running:
  C:\Users\mayur.kotekar\AppData\Local\Temp\testng-eclipse--966285299\testng-customsuite.xml

16:57:29.892 [main] INFO  org.testng.log4testng.Logger.info(Logger.java:112)oggger - [Utils] DynamicGraphHelper.createDynamicGraph() took 9 ms.
16:58:04.373 [main] INFO  org.testng.log4testng.Logger.info(Logger.java:112)oggger - [TestNG] Time taken by org.testng.reporters.jq.Main@191a709b: 89 ms
16:58:04.398 [main] INFO  org.testng.log4testng.Logger.info(Logger.java:112)oggger - [TestNG] Time taken by org.testng.reporters.FailedReporter@cfbc8e8: 25 ms
16:58:04.416 [main] INFO  org.testng.log4testng.Logger.info(Logger.java:112)oggger - [TestNG] Time taken by org.testng.reporters.XMLReporter@2b61a019: 18 ms
16:58:04.429 [main] INFO  org.testng.log4testng.Logger.info(Logger.java:112)oggger - [TestNG] Time taken by org.testng.reporters.EmailableReporter2@73ad4ecc: 13 ms
16:58:04.442 [main] INFO  org.testng.log4testng.Logger.info(Logger.java:112)oggger - [TestNG] Time taken by org.testng.reporters.JUnitReportReporter@6aef4eb8: 12 ms
16:58:04.442 [main] INFO  org.testng.log4testng.Logger.info(Logger.java:112)oggger - [TestNG] Time taken by org.testng.internal.ExitCodeListener@76c52298: 0 ms
16:58:10.599 [main] DEBUG org.testng.log4testng.Logger.debug(Logger.java:82)oggger - suiteXmlPath: "C:\Users\MAYUR~1.KOT\AppData\Local\Temp\testng-eclipse-628560189\testng-customsuite.xml"
16:58:10.799 [main] INFO  org.testng.log4testng.Logger.info(Logger.java:112)oggger - [Utils] MethodGroupsHelper.collectMethodsByGroup() took 0 ms.
16:58:10.802 [main] INFO  org.testng.log4testng.Logger.info(Logger.java:112)oggger - [Utils] MethodGroupsHelper.sortMethods() took 1 ms.
16:58:10.803 [main] INFO  org.testng.log4testng.Logger.info(Logger.java:112)oggger - [Utils] MethodGroupsHelper.collectMethodsByGroup() took 0 ms.
16:58:10.804 [main] INFO  org.testng.log4testng.Logger.info(Logger.java:112)oggger - [Utils] MethodGroupsHelper.sortMethods() took 0 ms.
16:58:10.804 [main] INFO  org.testng.log4testng.Logger.info(Logger.java:112)oggger - [Utils] MethodGroupsHelper.collectMethodsByGroup() took 0 ms.
16:58:10.804 [main] INFO  org.testng.log4testng.Logger.info(Logger.java:112)oggger - [Utils] MethodGroupsHelper.sortMethods() took 0 ms.
16:58:10.805 [main] INFO  org.testng.log4testng.Logger.info(Logger.java:112)oggger - [Utils] MethodGroupsHelper.collectMethodsByGroup() took 0 ms.
16:58:10.805 [main] INFO  org.testng.log4testng.Logger.info(Logger.java:112)oggger - [Utils] MethodGroupsHelper.sortMethods() took 0 ms.
16:58:10.808 [main] INFO  org.testng.log4testng.Logger.info(Logger.java:112)oggger - [Utils] MethodGroupsHelper.collectMethodsByGroup() took 0 ms.
16:58:10.817 [main] INFO  org.testng.log4testng.Logger.info(Logger.java:112)oggger - [Utils] MethodGroupsHelper.sortMethods() took 9 ms.
16:58:10.818 [main] INFO  org.testng.log4testng.Logger.info(Logger.java:112)oggger - [Utils] MethodGroupsHelper.collectMethodsByGroup() took 0 ms.
16:58:10.818 [main] INFO  org.testng.log4testng.Logger.info(Logger.java:112)oggger - [Utils] MethodGroupsHelper.sortMethods() took 0 ms.
16:58:10.819 [main] INFO  org.testng.log4testng.Logger.info(Logger.java:112)oggger - [Utils] MethodGroupsHelper.collectMethodsByGroup() took 0 ms.
16:58:10.819 [main] INFO  org.testng.log4testng.Logger.info(Logger.java:112)oggger - [Utils] MethodGroupsHelper.sortMethods() took 0 ms.
16:58:10.819 [main] INFO  org.testng.log4testng.Logger.info(Logger.java:112)oggger - [Utils] MethodGroupsHelper.collectMethodsByGroup() took 0 ms.
16:58:10.819 [main] INFO  org.testng.log4testng.Logger.info(Logger.java:112)oggger - [Utils] MethodGroupsHelper.sortMethods() took 0 ms.
16:58:10.820 [main] INFO  org.testng.log4testng.Logger.info(Logger.java:112)oggger - [Utils] MethodGroupsHelper.collectMethodsByGroup() took 0 ms.
16:58:10.820 [main] INFO  org.testng.log4testng.Logger.info(Logger.java:112)oggger - [Utils] MethodGroupsHelper.sortMethods() took 0 ms.
16:58:10.821 [main] INFO  org.testng.log4testng.Logger.info(Logger.java:112)oggger - [Utils] MethodGroupsHelper.collectMethodsByGroup() took 0 ms.
16:58:10.821 [main] INFO  org.testng.log4testng.Logger.info(Logger.java:112)oggger - [Utils] MethodGroupsHelper.sortMethods() took 0 ms.
16:58:10.822 [main] INFO  org.testng.log4testng.Logger.info(Logger.java:112)oggger - [Utils] MethodGroupsHelper.collectMethodsByGroup() took 0 ms.
16:58:10.822 [main] INFO  org.testng.log4testng.Logger.info(Logger.java:112)oggger - [Utils] MethodGroupsHelper.sortMethods() took 0 ms.
16:58:10.822 [main] INFO  org.testng.log4testng.Logger.info(Logger.java:112)oggger - [Utils] MethodGroupsHelper.collectMethodsByGroup() took 0 ms.
16:58:10.822 [main] INFO  org.testng.log4testng.Logger.info(Logger.java:112)oggger - [Utils] MethodGroupsHelper.sortMethods() took 0 ms.
16:58:10.822 [main] INFO  org.testng.log4testng.Logger.info(Logger.java:112)oggger - [Utils] MethodGroupsHelper.collectMethodsByGroup() took 0 ms.
16:58:10.822 [main] INFO  org.testng.log4testng.Logger.info(Logger.java:112)oggger - [Utils] MethodGroupsHelper.sortMethods() took 0 ms.
16:58:10.824 [main] INFO  org.testng.log4testng.Logger.info(Logger.java:112)oggger - [Utils] MethodGroupsHelper.collectMethodsByGroup() took 0 ms.
16:58:10.824 [main] INFO  org.testng.log4testng.Logger.info(Logger.java:112)oggger - [Utils] MethodGroupsHelper.sortMethods() took 0 ms.
16:58:10.824 [main] INFO  org.testng.log4testng.Logger.info(Logger.java:112)oggger - [Utils] MethodGroupsHelper.collectMethodsByGroup() took 0 ms.
16:58:10.825 [main] INFO  org.testng.log4testng.Logger.info(Logger.java:112)oggger - [Utils] MethodGroupsHelper.sortMethods() took 0 ms.
16:58:10.825 [main] INFO  org.testng.log4testng.Logger.info(Logger.java:112)oggger - [Utils] MethodGroupsHelper.collectMethodsByGroup() took 0 ms.
16:58:10.825 [main] INFO  org.testng.log4testng.Logger.info(Logger.java:112)oggger - [Utils] MethodGroupsHelper.sortMethods() took 0 ms.
16:58:10.825 [main] INFO  org.testng.log4testng.Logger.info(Logger.java:112)oggger - [Utils] MethodGroupsHelper.collectMethodsByGroup() took 0 ms.
16:58:10.825 [main] INFO  org.testng.log4testng.Logger.info(Logger.java:112)oggger - [Utils] MethodGroupsHelper.sortMethods() took 0 ms.
16:58:10.826 [main] INFO  org.testng.log4testng.Logger.info(Logger.java:112)oggger - [Utils] MethodGroupsHelper.collectMethodsByGroup() took 0 ms.
16:58:10.826 [main] INFO  org.testng.log4testng.Logger.info(Logger.java:112)oggger - [Utils] MethodGroupsHelper.sortMethods() took 0 ms.
16:58:10.826 [main] INFO  org.testng.log4testng.Logger.info(Logger.java:112)oggger - [Utils] MethodGroupsHelper.collectMethodsByGroup() took 0 ms.
16:58:10.826 [main] INFO  org.testng.log4testng.Logger.info(Logger.java:112)oggger - [Utils] MethodGroupsHelper.sortMethods() took 0 ms.
16:58:10.826 [main] INFO  org.testng.log4testng.Logger.info(Logger.java:112)oggger - [Utils] MethodGroupsHelper.collectMethodsByGroup() took 0 ms.
16:58:10.826 [main] INFO  org.testng.log4testng.Logger.info(Logger.java:112)oggger - [Utils] MethodGroupsHelper.sortMethods() took 0 ms.
16:58:10.829 [main] INFO  org.testng.log4testng.Logger.info(Logger.java:112)oggger - [Utils] MethodGroupsHelper.collectMethodsByGroup() took 0 ms.
16:58:10.829 [main] INFO  org.testng.log4testng.Logger.info(Logger.java:112)oggger - [Utils] MethodGroupsHelper.sortMethods() took 0 ms.
16:58:10.829 [main] INFO  org.testng.log4testng.Logger.info(Logger.java:112)oggger - [Utils] MethodGroupsHelper.collectMethodsByGroup() took 0 ms.
16:58:10.829 [main] INFO  org.testng.log4testng.Logger.info(Logger.java:112)oggger - [Utils] MethodGroupsHelper.sortMethods() took 0 ms.
16:58:10.830 [main] INFO  org.testng.log4testng.Logger.info(Logger.java:112)oggger - [Utils] MethodGroupsHelper.collectMethodsByGroup() took 0 ms.
16:58:10.841 [main] INFO  org.testng.log4testng.Logger.info(Logger.java:112)oggger - [Utils] MethodGroupsHelper.sortMethods() took 11 ms.
16:58:10.842 [main] INFO  org.testng.log4testng.Logger.info(Logger.java:112)oggger - [Utils] MethodGroupsHelper.collectMethodsByGroup() took 0 ms.
16:58:10.843 [main] INFO  org.testng.log4testng.Logger.info(Logger.java:112)oggger - [Utils] MethodGroupsHelper.sortMethods() took 0 ms.
16:58:10.843 [main] INFO  org.testng.log4testng.Logger.info(Logger.java:112)oggger - [Utils] MethodGroupsHelper.collectMethodsByGroup() took 0 ms.
16:58:10.843 [main] INFO  org.testng.log4testng.Logger.info(Logger.java:112)oggger - [Utils] MethodGroupsHelper.sortMethods() took 0 ms.
16:58:10.850 [main] INFO  org.testng.log4testng.Logger.info(Logger.java:112)oggger - [TestNG] Running:
  C:\Users\mayur.kotekar\AppData\Local\Temp\testng-eclipse-628560189\testng-customsuite.xml

16:58:10.867 [main] INFO  org.testng.log4testng.Logger.info(Logger.java:112)oggger - [Utils] DynamicGraphHelper.createDynamicGraph() took 3 ms.
16:58:37.242 [main] INFO  org.testng.log4testng.Logger.info(Logger.java:112)oggger - [TestNG] Time taken by org.testng.reporters.jq.Main@77c7ed8e: 103 ms
16:58:37.263 [main] INFO  org.testng.log4testng.Logger.info(Logger.java:112)oggger - [TestNG] Time taken by org.testng.reporters.FailedReporter@3bead518: 21 ms
16:58:37.277 [main] INFO  org.testng.log4testng.Logger.info(Logger.java:112)oggger - [TestNG] Time taken by org.testng.reporters.XMLReporter@11a00961: 13 ms
16:58:37.290 [main] INFO  org.testng.log4testng.Logger.info(Logger.java:112)oggger - [TestNG] Time taken by org.testng.reporters.EmailableReporter2@69da0b12: 12 ms
16:58:37.305 [main] INFO  org.testng.log4testng.Logger.info(Logger.java:112)oggger - [TestNG] Time taken by org.testng.reporters.JUnitReportReporter@76c52298: 14 ms
16:58:37.306 [main] INFO  org.testng.log4testng.Logger.info(Logger.java:112)oggger - [TestNG] Time taken by org.testng.internal.ExitCodeListener@bb9ab64: 0 ms
17:00:34.671 [main] DEBUG org.testng.log4testng.Logger.debug(Logger.java:82)oggger - suiteXmlPath: "C:\Users\MAYUR~1.KOT\AppData\Local\Temp\testng-eclipse-465027106\testng-customsuite.xml"
17:00:34.861 [main] INFO  org.testng.log4testng.Logger.info(Logger.java:112)oggger - [Utils] MethodGroupsHelper.collectMethodsByGroup() took 0 ms.
17:00:34.863 [main] INFO  org.testng.log4testng.Logger.info(Logger.java:112)oggger - [Utils] MethodGroupsHelper.sortMethods() took 1 ms.
17:00:34.864 [main] INFO  org.testng.log4testng.Logger.info(Logger.java:112)oggger - [Utils] MethodGroupsHelper.collectMethodsByGroup() took 0 ms.
17:00:34.865 [main] INFO  org.testng.log4testng.Logger.info(Logger.java:112)oggger - [Utils] MethodGroupsHelper.sortMethods() took 0 ms.
17:00:34.865 [main] INFO  org.testng.log4testng.Logger.info(Logger.java:112)oggger - [Utils] MethodGroupsHelper.collectMethodsByGroup() took 0 ms.
17:00:34.865 [main] INFO  org.testng.log4testng.Logger.info(Logger.java:112)oggger - [Utils] MethodGroupsHelper.sortMethods() took 0 ms.
17:00:34.866 [main] INFO  org.testng.log4testng.Logger.info(Logger.java:112)oggger - [Utils] MethodGroupsHelper.collectMethodsByGroup() took 0 ms.
17:00:34.866 [main] INFO  org.testng.log4testng.Logger.info(Logger.java:112)oggger - [Utils] MethodGroupsHelper.sortMethods() took 0 ms.
17:00:34.872 [main] INFO  org.testng.log4testng.Logger.info(Logger.java:112)oggger - [Utils] MethodGroupsHelper.collectMethodsByGroup() took 4 ms.
17:00:34.879 [main] INFO  org.testng.log4testng.Logger.info(Logger.java:112)oggger - [Utils] MethodGroupsHelper.sortMethods() took 7 ms.
17:00:34.879 [main] INFO  org.testng.log4testng.Logger.info(Logger.java:112)oggger - [Utils] MethodGroupsHelper.collectMethodsByGroup() took 0 ms.
17:00:34.880 [main] INFO  org.testng.log4testng.Logger.info(Logger.java:112)oggger - [Utils] MethodGroupsHelper.sortMethods() took 0 ms.
17:00:34.880 [main] INFO  org.testng.log4testng.Logger.info(Logger.java:112)oggger - [Utils] MethodGroupsHelper.collectMethodsByGroup() took 0 ms.
17:00:34.880 [main] INFO  org.testng.log4testng.Logger.info(Logger.java:112)oggger - [Utils] MethodGroupsHelper.sortMethods() took 0 ms.
17:00:34.880 [main] INFO  org.testng.log4testng.Logger.info(Logger.java:112)oggger - [Utils] MethodGroupsHelper.collectMethodsByGroup() took 0 ms.
17:00:34.880 [main] INFO  org.testng.log4testng.Logger.info(Logger.java:112)oggger - [Utils] MethodGroupsHelper.sortMethods() took 0 ms.
17:00:34.881 [main] INFO  org.testng.log4testng.Logger.info(Logger.java:112)oggger - [Utils] MethodGroupsHelper.collectMethodsByGroup() took 0 ms.
17:00:34.881 [main] INFO  org.testng.log4testng.Logger.info(Logger.java:112)oggger - [Utils] MethodGroupsHelper.sortMethods() took 0 ms.
17:00:34.882 [main] INFO  org.testng.log4testng.Logger.info(Logger.java:112)oggger - [Utils] MethodGroupsHelper.collectMethodsByGroup() took 0 ms.
17:00:34.882 [main] INFO  org.testng.log4testng.Logger.info(Logger.java:112)oggger - [Utils] MethodGroupsHelper.sortMethods() took 0 ms.
17:00:34.884 [main] INFO  org.testng.log4testng.Logger.info(Logger.java:112)oggger - [Utils] MethodGroupsHelper.collectMethodsByGroup() took 0 ms.
17:00:34.884 [main] INFO  org.testng.log4testng.Logger.info(Logger.java:112)oggger - [Utils] MethodGroupsHelper.sortMethods() took 0 ms.
17:00:34.884 [main] INFO  org.testng.log4testng.Logger.info(Logger.java:112)oggger - [Utils] MethodGroupsHelper.collectMethodsByGroup() took 0 ms.
17:00:34.884 [main] INFO  org.testng.log4testng.Logger.info(Logger.java:112)oggger - [Utils] MethodGroupsHelper.sortMethods() took 0 ms.
17:00:34.885 [main] INFO  org.testng.log4testng.Logger.info(Logger.java:112)oggger - [Utils] MethodGroupsHelper.collectMethodsByGroup() took 0 ms.
17:00:34.887 [main] INFO  org.testng.log4testng.Logger.info(Logger.java:112)oggger - [Utils] MethodGroupsHelper.sortMethods() took 2 ms.
17:03:44.022 [main] DEBUG org.testng.log4testng.Logger.debug(Logger.java:82)oggger - suiteXmlPath: "C:\Users\MAYUR~1.KOT\AppData\Local\Temp\testng-eclipse--1078156404\testng-customsuite.xml"
17:03:44.225 [main] INFO  org.testng.log4testng.Logger.info(Logger.java:112)oggger - [Utils] MethodGroupsHelper.collectMethodsByGroup() took 2 ms.
17:03:44.232 [main] INFO  org.testng.log4testng.Logger.info(Logger.java:112)oggger - [Utils] MethodGroupsHelper.sortMethods() took 6 ms.
17:03:44.234 [main] INFO  org.testng.log4testng.Logger.info(Logger.java:112)oggger - [Utils] MethodGroupsHelper.collectMethodsByGroup() took 0 ms.
17:03:44.234 [main] INFO  org.testng.log4testng.Logger.info(Logger.java:112)oggger - [Utils] MethodGroupsHelper.sortMethods() took 0 ms.
17:03:44.235 [main] INFO  org.testng.log4testng.Logger.info(Logger.java:112)oggger - [Utils] MethodGroupsHelper.collectMethodsByGroup() took 0 ms.
17:03:44.235 [main] INFO  org.testng.log4testng.Logger.info(Logger.java:112)oggger - [Utils] MethodGroupsHelper.sortMethods() took 0 ms.
17:03:44.235 [main] INFO  org.testng.log4testng.Logger.info(Logger.java:112)oggger - [Utils] MethodGroupsHelper.collectMethodsByGroup() took 0 ms.
17:03:44.235 [main] INFO  org.testng.log4testng.Logger.info(Logger.java:112)oggger - [Utils] MethodGroupsHelper.sortMethods() took 0 ms.
17:03:44.236 [main] INFO  org.testng.log4testng.Logger.info(Logger.java:112)oggger - [Utils] MethodGroupsHelper.collectMethodsByGroup() took 0 ms.
17:03:44.236 [main] INFO  org.testng.log4testng.Logger.info(Logger.java:112)oggger - [Utils] MethodGroupsHelper.sortMethods() took 0 ms.
17:03:44.236 [main] INFO  org.testng.log4testng.Logger.info(Logger.java:112)oggger - [Utils] MethodGroupsHelper.collectMethodsByGroup() took 0 ms.
17:03:44.236 [main] INFO  org.testng.log4testng.Logger.info(Logger.java:112)oggger - [Utils] MethodGroupsHelper.sortMethods() took 0 ms.
17:03:44.237 [main] INFO  org.testng.log4testng.Logger.info(Logger.java:112)oggger - [Utils] MethodGroupsHelper.collectMethodsByGroup() took 0 ms.
17:03:44.237 [main] INFO  org.testng.log4testng.Logger.info(Logger.java:112)oggger - [Utils] MethodGroupsHelper.sortMethods() took 0 ms.
17:03:44.237 [main] INFO  org.testng.log4testng.Logger.info(Logger.java:112)oggger - [Utils] MethodGroupsHelper.collectMethodsByGroup() took 0 ms.
17:03:44.237 [main] INFO  org.testng.log4testng.Logger.info(Logger.java:112)oggger - [Utils] MethodGroupsHelper.sortMethods() took 0 ms.
17:03:44.238 [main] INFO  org.testng.log4testng.Logger.info(Logger.java:112)oggger - [Utils] MethodGroupsHelper.collectMethodsByGroup() took 0 ms.
17:03:44.238 [main] INFO  org.testng.log4testng.Logger.info(Logger.java:112)oggger - [Utils] MethodGroupsHelper.sortMethods() took 0 ms.
17:03:44.239 [main] INFO  org.testng.log4testng.Logger.info(Logger.java:112)oggger - [Utils] MethodGroupsHelper.collectMethodsByGroup() took 0 ms.
17:03:44.239 [main] INFO  org.testng.log4testng.Logger.info(Logger.java:112)oggger - [Utils] MethodGroupsHelper.sortMethods() took 0 ms.
17:03:44.241 [main] INFO  org.testng.log4testng.Logger.info(Logger.java:112)oggger - [Utils] MethodGroupsHelper.collectMethodsByGroup() took 0 ms.
17:03:44.241 [main] INFO  org.testng.log4testng.Logger.info(Logger.java:112)oggger - [Utils] MethodGroupsHelper.sortMethods() took 0 ms.
17:03:44.241 [main] INFO  org.testng.log4testng.Logger.info(Logger.java:112)oggger - [Utils] MethodGroupsHelper.collectMethodsByGroup() took 0 ms.
17:03:44.241 [main] INFO  org.testng.log4testng.Logger.info(Logger.java:112)oggger - [Utils] MethodGroupsHelper.sortMethods() took 0 ms.
17:03:44.242 [main] INFO  org.testng.log4testng.Logger.info(Logger.java:112)oggger - [Utils] MethodGroupsHelper.collectMethodsByGroup() took 0 ms.
17:03:44.244 [main] INFO  org.testng.log4testng.Logger.info(Logger.java:112)oggger - [Utils] MethodGroupsHelper.sortMethods() took 2 ms.
17:06:09.964 [main] DEBUG org.testng.log4testng.Logger.debug(Logger.java:82)oggger - suiteXmlPath: "C:\Users\MAYUR~1.KOT\AppData\Local\Temp\testng-eclipse--1669467847\testng-customsuite.xml"
17:06:10.190 [main] INFO  org.testng.log4testng.Logger.info(Logger.java:112)oggger - [Utils] MethodGroupsHelper.collectMethodsByGroup() took 5 ms.
17:06:10.200 [main] INFO  org.testng.log4testng.Logger.info(Logger.java:112)oggger - [Utils] MethodGroupsHelper.sortMethods() took 7 ms.
17:06:10.204 [main] INFO  org.testng.log4testng.Logger.info(Logger.java:112)oggger - [Utils] MethodGroupsHelper.collectMethodsByGroup() took 0 ms.
17:06:10.204 [main] INFO  org.testng.log4testng.Logger.info(Logger.java:112)oggger - [Utils] MethodGroupsHelper.sortMethods() took 0 ms.
17:06:10.206 [main] INFO  org.testng.log4testng.Logger.info(Logger.java:112)oggger - [Utils] MethodGroupsHelper.collectMethodsByGroup() took 0 ms.
17:06:10.206 [main] INFO  org.testng.log4testng.Logger.info(Logger.java:112)oggger - [Utils] MethodGroupsHelper.sortMethods() took 0 ms.
17:06:10.206 [main] INFO  org.testng.log4testng.Logger.info(Logger.java:112)oggger - [Utils] MethodGroupsHelper.collectMethodsByGroup() took 0 ms.
17:06:10.207 [main] INFO  org.testng.log4testng.Logger.info(Logger.java:112)oggger - [Utils] MethodGroupsHelper.sortMethods() took 0 ms.
17:06:10.207 [main] INFO  org.testng.log4testng.Logger.info(Logger.java:112)oggger - [Utils] MethodGroupsHelper.collectMethodsByGroup() took 0 ms.
17:06:10.207 [main] INFO  org.testng.log4testng.Logger.info(Logger.java:112)oggger - [Utils] MethodGroupsHelper.sortMethods() took 0 ms.
17:06:10.207 [main] INFO  org.testng.log4testng.Logger.info(Logger.java:112)oggger - [Utils] MethodGroupsHelper.collectMethodsByGroup() took 0 ms.
17:06:10.207 [main] INFO  org.testng.log4testng.Logger.info(Logger.java:112)oggger - [Utils] MethodGroupsHelper.sortMethods() took 0 ms.
17:06:10.208 [main] INFO  org.testng.log4testng.Logger.info(Logger.java:112)oggger - [Utils] MethodGroupsHelper.collectMethodsByGroup() took 0 ms.
17:06:10.208 [main] INFO  org.testng.log4testng.Logger.info(Logger.java:112)oggger - [Utils] MethodGroupsHelper.sortMethods() took 0 ms.
17:06:10.208 [main] INFO  org.testng.log4testng.Logger.info(Logger.java:112)oggger - [Utils] MethodGroupsHelper.collectMethodsByGroup() took 0 ms.
17:06:10.208 [main] INFO  org.testng.log4testng.Logger.info(Logger.java:112)oggger - [Utils] MethodGroupsHelper.sortMethods() took 0 ms.
17:06:10.209 [main] INFO  org.testng.log4testng.Logger.info(Logger.java:112)oggger - [Utils] MethodGroupsHelper.collectMethodsByGroup() took 0 ms.
17:06:10.209 [main] INFO  org.testng.log4testng.Logger.info(Logger.java:112)oggger - [Utils] MethodGroupsHelper.sortMethods() took 0 ms.
17:06:10.210 [main] INFO  org.testng.log4testng.Logger.info(Logger.java:112)oggger - [Utils] MethodGroupsHelper.collectMethodsByGroup() took 0 ms.
17:06:10.210 [main] INFO  org.testng.log4testng.Logger.info(Logger.java:112)oggger - [Utils] MethodGroupsHelper.sortMethods() took 0 ms.
17:06:10.211 [main] INFO  org.testng.log4testng.Logger.info(Logger.java:112)oggger - [Utils] MethodGroupsHelper.collectMethodsByGroup() took 0 ms.
17:06:10.212 [main] INFO  org.testng.log4testng.Logger.info(Logger.java:112)oggger - [Utils] MethodGroupsHelper.sortMethods() took 0 ms.
17:06:10.212 [main] INFO  org.testng.log4testng.Logger.info(Logger.java:112)oggger - [Utils] MethodGroupsHelper.collectMethodsByGroup() took 0 ms.
17:06:10.213 [main] INFO  org.testng.log4testng.Logger.info(Logger.java:112)oggger - [Utils] MethodGroupsHelper.sortMethods() took 1 ms.
17:06:10.213 [main] INFO  org.testng.log4testng.Logger.info(Logger.java:112)oggger - [Utils] MethodGroupsHelper.collectMethodsByGroup() took 0 ms.
17:06:10.213 [main] INFO  org.testng.log4testng.Logger.info(Logger.java:112)oggger - [Utils] MethodGroupsHelper.sortMethods() took 0 ms.
17:06:10.214 [main] INFO  org.testng.log4testng.Logger.info(Logger.java:112)oggger - [Utils] MethodGroupsHelper.collectMethodsByGroup() took 0 ms.
17:06:10.214 [main] INFO  org.testng.log4testng.Logger.info(Logger.java:112)oggger - [Utils] MethodGroupsHelper.sortMethods() took 0 ms.
17:06:10.214 [main] INFO  org.testng.log4testng.Logger.info(Logger.java:112)oggger - [Utils] MethodGroupsHelper.collectMethodsByGroup() took 0 ms.
17:06:10.214 [main] INFO  org.testng.log4testng.Logger.info(Logger.java:112)oggger - [Utils] MethodGroupsHelper.sortMethods() took 0 ms.
17:06:10.215 [main] INFO  org.testng.log4testng.Logger.info(Logger.java:112)oggger - [Utils] MethodGroupsHelper.collectMethodsByGroup() took 0 ms.
17:06:10.215 [main] INFO  org.testng.log4testng.Logger.info(Logger.java:112)oggger - [Utils] MethodGroupsHelper.sortMethods() took 0 ms.
17:06:10.215 [main] INFO  org.testng.log4testng.Logger.info(Logger.java:112)oggger - [Utils] MethodGroupsHelper.collectMethodsByGroup() took 0 ms.
17:06:10.217 [main] INFO  org.testng.log4testng.Logger.info(Logger.java:112)oggger - [Utils] MethodGroupsHelper.sortMethods() took 0 ms.
17:06:10.217 [main] INFO  org.testng.log4testng.Logger.info(Logger.java:112)oggger - [Utils] MethodGroupsHelper.collectMethodsByGroup() took 0 ms.
17:06:10.217 [main] INFO  org.testng.log4testng.Logger.info(Logger.java:112)oggger - [Utils] MethodGroupsHelper.sortMethods() took 0 ms.
17:06:10.218 [main] INFO  org.testng.log4testng.Logger.info(Logger.java:112)oggger - [Utils] MethodGroupsHelper.collectMethodsByGroup() took 0 ms.
17:06:10.218 [main] INFO  org.testng.log4testng.Logger.info(Logger.java:112)oggger - [Utils] MethodGroupsHelper.sortMethods() took 0 ms.
17:06:10.218 [main] INFO  org.testng.log4testng.Logger.info(Logger.java:112)oggger - [Utils] MethodGroupsHelper.collectMethodsByGroup() took 0 ms.
17:06:10.218 [main] INFO  org.testng.log4testng.Logger.info(Logger.java:112)oggger - [Utils] MethodGroupsHelper.sortMethods() took 0 ms.
17:06:10.222 [main] INFO  org.testng.log4testng.Logger.info(Logger.java:112)oggger - [Utils] MethodGroupsHelper.collectMethodsByGroup() took 0 ms.
17:06:10.222 [main] INFO  org.testng.log4testng.Logger.info(Logger.java:112)oggger - [Utils] MethodGroupsHelper.sortMethods() took 0 ms.
17:06:10.223 [main] INFO  org.testng.log4testng.Logger.info(Logger.java:112)oggger - [Utils] MethodGroupsHelper.collectMethodsByGroup() took 0 ms.
17:06:10.223 [main] INFO  org.testng.log4testng.Logger.info(Logger.java:112)oggger - [Utils] MethodGroupsHelper.sortMethods() took 0 ms.
17:06:10.223 [main] INFO  org.testng.log4testng.Logger.info(Logger.java:112)oggger - [Utils] MethodGroupsHelper.collectMethodsByGroup() took 0 ms.
17:06:10.227 [main] INFO  org.testng.log4testng.Logger.info(Logger.java:112)oggger - [Utils] MethodGroupsHelper.sortMethods() took 1 ms.
17:06:10.228 [main] INFO  org.testng.log4testng.Logger.info(Logger.java:112)oggger - [Utils] MethodGroupsHelper.collectMethodsByGroup() took 0 ms.
17:06:10.228 [main] INFO  org.testng.log4testng.Logger.info(Logger.java:112)oggger - [Utils] MethodGroupsHelper.sortMethods() took 0 ms.
17:06:10.228 [main] INFO  org.testng.log4testng.Logger.info(Logger.java:112)oggger - [Utils] MethodGroupsHelper.collectMethodsByGroup() took 0 ms.
17:06:10.228 [main] INFO  org.testng.log4testng.Logger.info(Logger.java:112)oggger - [Utils] MethodGroupsHelper.sortMethods() took 0 ms.
17:06:10.235 [main] INFO  org.testng.log4testng.Logger.info(Logger.java:112)oggger - [TestNG] Running:
  C:\Users\mayur.kotekar\AppData\Local\Temp\testng-eclipse--1669467847\testng-customsuite.xml

17:06:18.382 [main] INFO  org.testng.log4testng.Logger.info(Logger.java:112)oggger - [Utils] DynamicGraphHelper.createDynamicGraph() took 12 ms.
17:06:18.871 [main] INFO  org.testng.log4testng.Logger.info(Logger.java:112)oggger - [TestNG] Time taken by org.testng.reporters.jq.Main@71870da7: 63 ms
17:06:18.888 [main] INFO  org.testng.log4testng.Logger.info(Logger.java:112)oggger - [TestNG] Time taken by org.testng.reporters.FailedReporter@3c017078: 17 ms
17:06:18.896 [main] INFO  org.testng.log4testng.Logger.info(Logger.java:112)oggger - [TestNG] Time taken by org.testng.reporters.XMLReporter@7e7f0f0a: 8 ms
17:06:18.905 [main] INFO  org.testng.log4testng.Logger.info(Logger.java:112)oggger - [TestNG] Time taken by org.testng.reporters.EmailableReporter2@2788d0fe: 8 ms
17:06:18.911 [main] INFO  org.testng.log4testng.Logger.info(Logger.java:112)oggger - [TestNG] Time taken by org.testng.reporters.JUnitReportReporter@5cd61783: 6 ms
17:06:18.911 [main] INFO  org.testng.log4testng.Logger.info(Logger.java:112)oggger - [TestNG] Time taken by org.testng.internal.ExitCodeListener@59429fac: 0 ms
17:06:48.636 [main] DEBUG org.testng.log4testng.Logger.debug(Logger.java:82)oggger - suiteXmlPath: "C:\Users\MAYUR~1.KOT\AppData\Local\Temp\testng-eclipse-940714664\testng-customsuite.xml"
17:06:48.849 [main] INFO  org.testng.log4testng.Logger.info(Logger.java:112)oggger - [Utils] MethodGroupsHelper.collectMethodsByGroup() took 3 ms.
17:06:48.859 [main] INFO  org.testng.log4testng.Logger.info(Logger.java:112)oggger - [Utils] MethodGroupsHelper.sortMethods() took 8 ms.
17:06:48.860 [main] INFO  org.testng.log4testng.Logger.info(Logger.java:112)oggger - [Utils] MethodGroupsHelper.collectMethodsByGroup() took 0 ms.
17:06:48.860 [main] INFO  org.testng.log4testng.Logger.info(Logger.java:112)oggger - [Utils] MethodGroupsHelper.sortMethods() took 0 ms.
17:06:48.861 [main] INFO  org.testng.log4testng.Logger.info(Logger.java:112)oggger - [Utils] MethodGroupsHelper.collectMethodsByGroup() took 0 ms.
17:06:48.861 [main] INFO  org.testng.log4testng.Logger.info(Logger.java:112)oggger - [Utils] MethodGroupsHelper.sortMethods() took 0 ms.
17:06:48.862 [main] INFO  org.testng.log4testng.Logger.info(Logger.java:112)oggger - [Utils] MethodGroupsHelper.collectMethodsByGroup() took 0 ms.
17:06:48.862 [main] INFO  org.testng.log4testng.Logger.info(Logger.java:112)oggger - [Utils] MethodGroupsHelper.sortMethods() took 0 ms.
17:06:48.862 [main] INFO  org.testng.log4testng.Logger.info(Logger.java:112)oggger - [Utils] MethodGroupsHelper.collectMethodsByGroup() took 0 ms.
17:06:48.862 [main] INFO  org.testng.log4testng.Logger.info(Logger.java:112)oggger - [Utils] MethodGroupsHelper.sortMethods() took 0 ms.
17:06:48.862 [main] INFO  org.testng.log4testng.Logger.info(Logger.java:112)oggger - [Utils] MethodGroupsHelper.collectMethodsByGroup() took 0 ms.
17:06:48.862 [main] INFO  org.testng.log4testng.Logger.info(Logger.java:112)oggger - [Utils] MethodGroupsHelper.sortMethods() took 0 ms.
17:06:48.863 [main] INFO  org.testng.log4testng.Logger.info(Logger.java:112)oggger - [Utils] MethodGroupsHelper.collectMethodsByGroup() took 0 ms.
17:06:48.863 [main] INFO  org.testng.log4testng.Logger.info(Logger.java:112)oggger - [Utils] MethodGroupsHelper.sortMethods() took 0 ms.
17:06:48.863 [main] INFO  org.testng.log4testng.Logger.info(Logger.java:112)oggger - [Utils] MethodGroupsHelper.collectMethodsByGroup() took 0 ms.
17:06:48.863 [main] INFO  org.testng.log4testng.Logger.info(Logger.java:112)oggger - [Utils] MethodGroupsHelper.sortMethods() took 0 ms.
17:06:48.865 [main] INFO  org.testng.log4testng.Logger.info(Logger.java:112)oggger - [Utils] MethodGroupsHelper.collectMethodsByGroup() took 0 ms.
17:06:48.865 [main] INFO  org.testng.log4testng.Logger.info(Logger.java:112)oggger - [Utils] MethodGroupsHelper.sortMethods() took 0 ms.
17:06:48.865 [main] INFO  org.testng.log4testng.Logger.info(Logger.java:112)oggger - [Utils] MethodGroupsHelper.collectMethodsByGroup() took 0 ms.
17:06:48.865 [main] INFO  org.testng.log4testng.Logger.info(Logger.java:112)oggger - [Utils] MethodGroupsHelper.sortMethods() took 0 ms.
17:06:48.867 [main] INFO  org.testng.log4testng.Logger.info(Logger.java:112)oggger - [Utils] MethodGroupsHelper.collectMethodsByGroup() took 0 ms.
17:06:48.867 [main] INFO  org.testng.log4testng.Logger.info(Logger.java:112)oggger - [Utils] MethodGroupsHelper.sortMethods() took 0 ms.
17:06:48.868 [main] INFO  org.testng.log4testng.Logger.info(Logger.java:112)oggger - [Utils] MethodGroupsHelper.collectMethodsByGroup() took 0 ms.
17:06:48.868 [main] INFO  org.testng.log4testng.Logger.info(Logger.java:112)oggger - [Utils] MethodGroupsHelper.sortMethods() took 0 ms.
17:06:48.868 [main] INFO  org.testng.log4testng.Logger.info(Logger.java:112)oggger - [Utils] MethodGroupsHelper.collectMethodsByGroup() took 0 ms.
17:06:48.869 [main] INFO  org.testng.log4testng.Logger.info(Logger.java:112)oggger - [Utils] MethodGroupsHelper.sortMethods() took 0 ms.
17:06:48.869 [main] INFO  org.testng.log4testng.Logger.info(Logger.java:112)oggger - [Utils] MethodGroupsHelper.collectMethodsByGroup() took 0 ms.
17:06:48.869 [main] INFO  org.testng.log4testng.Logger.info(Logger.java:112)oggger - [Utils] MethodGroupsHelper.sortMethods() took 0 ms.
17:06:48.869 [main] INFO  org.testng.log4testng.Logger.info(Logger.java:112)oggger - [Utils] MethodGroupsHelper.collectMethodsByGroup() took 0 ms.
17:06:48.869 [main] INFO  org.testng.log4testng.Logger.info(Logger.java:112)oggger - [Utils] MethodGroupsHelper.sortMethods() took 0 ms.
17:06:48.870 [main] INFO  org.testng.log4testng.Logger.info(Logger.java:112)oggger - [Utils] MethodGroupsHelper.collectMethodsByGroup() took 0 ms.
17:06:48.870 [main] INFO  org.testng.log4testng.Logger.info(Logger.java:112)oggger - [Utils] MethodGroupsHelper.sortMethods() took 0 ms.
17:06:48.870 [main] INFO  org.testng.log4testng.Logger.info(Logger.java:112)oggger - [Utils] MethodGroupsHelper.collectMethodsByGroup() took 0 ms.
17:06:48.870 [main] INFO  org.testng.log4testng.Logger.info(Logger.java:112)oggger - [Utils] MethodGroupsHelper.sortMethods() took 0 ms.
17:06:48.871 [main] INFO  org.testng.log4testng.Logger.info(Logger.java:112)oggger - [Utils] MethodGroupsHelper.collectMethodsByGroup() took 0 ms.
17:06:48.871 [main] INFO  org.testng.log4testng.Logger.info(Logger.java:112)oggger - [Utils] MethodGroupsHelper.sortMethods() took 0 ms.
17:06:48.871 [main] INFO  org.testng.log4testng.Logger.info(Logger.java:112)oggger - [Utils] MethodGroupsHelper.collectMethodsByGroup() took 0 ms.
17:06:48.871 [main] INFO  org.testng.log4testng.Logger.info(Logger.java:112)oggger - [Utils] MethodGroupsHelper.sortMethods() took 0 ms.
17:06:48.871 [main] INFO  org.testng.log4testng.Logger.info(Logger.java:112)oggger - [Utils] MethodGroupsHelper.collectMethodsByGroup() took 0 ms.
17:06:48.871 [main] INFO  org.testng.log4testng.Logger.info(Logger.java:112)oggger - [Utils] MethodGroupsHelper.sortMethods() took 0 ms.
17:06:48.874 [main] INFO  org.testng.log4testng.Logger.info(Logger.java:112)oggger - [Utils] MethodGroupsHelper.collectMethodsByGroup() took 0 ms.
17:06:48.874 [main] INFO  org.testng.log4testng.Logger.info(Logger.java:112)oggger - [Utils] MethodGroupsHelper.sortMethods() took 0 ms.
17:06:48.875 [main] INFO  org.testng.log4testng.Logger.info(Logger.java:112)oggger - [Utils] MethodGroupsHelper.collectMethodsByGroup() took 0 ms.
17:06:48.875 [main] INFO  org.testng.log4testng.Logger.info(Logger.java:112)oggger - [Utils] MethodGroupsHelper.sortMethods() took 0 ms.
17:06:48.875 [main] INFO  org.testng.log4testng.Logger.info(Logger.java:112)oggger - [Utils] MethodGroupsHelper.collectMethodsByGroup() took 0 ms.
17:06:48.879 [main] INFO  org.testng.log4testng.Logger.info(Logger.java:112)oggger - [Utils] MethodGroupsHelper.sortMethods() took 3 ms.
17:06:48.880 [main] INFO  org.testng.log4testng.Logger.info(Logger.java:112)oggger - [Utils] MethodGroupsHelper.collectMethodsByGroup() took 0 ms.
17:06:48.880 [main] INFO  org.testng.log4testng.Logger.info(Logger.java:112)oggger - [Utils] MethodGroupsHelper.sortMethods() took 0 ms.
17:06:48.880 [main] INFO  org.testng.log4testng.Logger.info(Logger.java:112)oggger - [Utils] MethodGroupsHelper.collectMethodsByGroup() took 0 ms.
17:06:48.880 [main] INFO  org.testng.log4testng.Logger.info(Logger.java:112)oggger - [Utils] MethodGroupsHelper.sortMethods() took 0 ms.
17:06:48.886 [main] INFO  org.testng.log4testng.Logger.info(Logger.java:112)oggger - [TestNG] Running:
  C:\Users\mayur.kotekar\AppData\Local\Temp\testng-eclipse-940714664\testng-customsuite.xml

17:06:54.608 [main] INFO  org.testng.log4testng.Logger.info(Logger.java:112)oggger - [Utils] DynamicGraphHelper.createDynamicGraph() took 11 ms.
17:06:55.118 [main] INFO  org.testng.log4testng.Logger.info(Logger.java:112)oggger - [TestNG] Time taken by org.testng.reporters.jq.Main@71870da7: 53 ms
17:06:55.131 [main] INFO  org.testng.log4testng.Logger.info(Logger.java:112)oggger - [TestNG] Time taken by org.testng.reporters.FailedReporter@3c017078: 12 ms
17:06:55.138 [main] INFO  org.testng.log4testng.Logger.info(Logger.java:112)oggger - [TestNG] Time taken by org.testng.reporters.XMLReporter@7e7f0f0a: 7 ms
17:06:55.145 [main] INFO  org.testng.log4testng.Logger.info(Logger.java:112)oggger - [TestNG] Time taken by org.testng.reporters.EmailableReporter2@2788d0fe: 5 ms
17:06:55.153 [main] INFO  org.testng.log4testng.Logger.info(Logger.java:112)oggger - [TestNG] Time taken by org.testng.reporters.JUnitReportReporter@5cd61783: 8 ms
17:06:55.154 [main] INFO  org.testng.log4testng.Logger.info(Logger.java:112)oggger - [TestNG] Time taken by org.testng.internal.ExitCodeListener@59429fac: 0 ms
18:02:37.599 [main] DEBUG org.testng.log4testng.Logger.debug(Logger.java:82)oggger - suiteXmlPath: "C:\Users\mayur.kotekar\eclipse-workspace\Saayam\testng.xml"
18:02:37.899 [main] INFO  org.testng.log4testng.Logger.info(Logger.java:112)oggger - [TestNG] Running:
  C:\Users\mayur.kotekar\eclipse-workspace\Saayam\testng.xml

18:25:57.825 [main] DEBUG org.testng.log4testng.Logger.debug(Logger.java:82)oggger - suiteXmlPath: "C:\Users\MAYUR~1.KOT\AppData\Local\Temp\testng-eclipse-703555208\testng-customsuite.xml"
18:25:58.023 [main] INFO  org.testng.log4testng.Logger.info(Logger.java:112)oggger - [Utils] MethodGroupsHelper.collectMethodsByGroup() took 1 ms.
18:25:58.025 [main] INFO  org.testng.log4testng.Logger.info(Logger.java:112)oggger - [Utils] MethodGroupsHelper.sortMethods() took 1 ms.
18:25:58.027 [main] INFO  org.testng.log4testng.Logger.info(Logger.java:112)oggger - [Utils] MethodGroupsHelper.collectMethodsByGroup() took 0 ms.
18:25:58.027 [main] INFO  org.testng.log4testng.Logger.info(Logger.java:112)oggger - [Utils] MethodGroupsHelper.sortMethods() took 0 ms.
18:25:58.027 [main] INFO  org.testng.log4testng.Logger.info(Logger.java:112)oggger - [Utils] MethodGroupsHelper.collectMethodsByGroup() took 0 ms.
18:25:58.027 [main] INFO  org.testng.log4testng.Logger.info(Logger.java:112)oggger - [Utils] MethodGroupsHelper.sortMethods() took 0 ms.
18:25:58.028 [main] INFO  org.testng.log4testng.Logger.info(Logger.java:112)oggger - [Utils] MethodGroupsHelper.collectMethodsByGroup() took 0 ms.
18:25:58.028 [main] INFO  org.testng.log4testng.Logger.info(Logger.java:112)oggger - [Utils] MethodGroupsHelper.sortMethods() took 0 ms.
18:25:58.033 [main] INFO  org.testng.log4testng.Logger.info(Logger.java:112)oggger - [Utils] MethodGroupsHelper.collectMethodsByGroup() took 4 ms.
18:25:58.043 [main] INFO  org.testng.log4testng.Logger.info(Logger.java:112)oggger - [Utils] MethodGroupsHelper.sortMethods() took 10 ms.
18:25:58.044 [main] INFO  org.testng.log4testng.Logger.info(Logger.java:112)oggger - [Utils] MethodGroupsHelper.collectMethodsByGroup() took 0 ms.
18:25:58.044 [main] INFO  org.testng.log4testng.Logger.info(Logger.java:112)oggger - [Utils] MethodGroupsHelper.sortMethods() took 0 ms.
18:25:58.044 [main] INFO  org.testng.log4testng.Logger.info(Logger.java:112)oggger - [Utils] MethodGroupsHelper.collectMethodsByGroup() took 0 ms.
18:25:58.044 [main] INFO  org.testng.log4testng.Logger.info(Logger.java:112)oggger - [Utils] MethodGroupsHelper.sortMethods() took 0 ms.
18:25:58.045 [main] INFO  org.testng.log4testng.Logger.info(Logger.java:112)oggger - [Utils] MethodGroupsHelper.collectMethodsByGroup() took 0 ms.
18:25:58.045 [main] INFO  org.testng.log4testng.Logger.info(Logger.java:112)oggger - [Utils] MethodGroupsHelper.sortMethods() took 0 ms.
18:25:58.046 [main] INFO  org.testng.log4testng.Logger.info(Logger.java:112)oggger - [Utils] MethodGroupsHelper.collectMethodsByGroup() took 0 ms.
18:25:58.046 [main] INFO  org.testng.log4testng.Logger.info(Logger.java:112)oggger - [Utils] MethodGroupsHelper.sortMethods() took 0 ms.
18:25:58.047 [main] INFO  org.testng.log4testng.Logger.info(Logger.java:112)oggger - [Utils] MethodGroupsHelper.collectMethodsByGroup() took 0 ms.
18:25:58.047 [main] INFO  org.testng.log4testng.Logger.info(Logger.java:112)oggger - [Utils] MethodGroupsHelper.sortMethods() took 0 ms.
18:25:58.050 [main] INFO  org.testng.log4testng.Logger.info(Logger.java:112)oggger - [Utils] MethodGroupsHelper.collectMethodsByGroup() took 0 ms.
18:25:58.050 [main] INFO  org.testng.log4testng.Logger.info(Logger.java:112)oggger - [Utils] MethodGroupsHelper.sortMethods() took 0 ms.
18:25:58.050 [main] INFO  org.testng.log4testng.Logger.info(Logger.java:112)oggger - [Utils] MethodGroupsHelper.collectMethodsByGroup() took 0 ms.
18:25:58.050 [main] INFO  org.testng.log4testng.Logger.info(Logger.java:112)oggger - [Utils] MethodGroupsHelper.sortMethods() took 0 ms.
18:25:58.051 [main] INFO  org.testng.log4testng.Logger.info(Logger.java:112)oggger - [Utils] MethodGroupsHelper.collectMethodsByGroup() took 0 ms.
18:25:58.051 [main] INFO  org.testng.log4testng.Logger.info(Logger.java:112)oggger - [Utils] MethodGroupsHelper.sortMethods() took 0 ms.
18:25:58.051 [main] INFO  org.testng.log4testng.Logger.info(Logger.java:112)oggger - [Utils] MethodGroupsHelper.collectMethodsByGroup() took 0 ms.
18:25:58.051 [main] INFO  org.testng.log4testng.Logger.info(Logger.java:112)oggger - [Utils] MethodGroupsHelper.sortMethods() took 0 ms.
18:25:58.052 [main] INFO  org.testng.log4testng.Logger.info(Logger.java:112)oggger - [Utils] MethodGroupsHelper.collectMethodsByGroup() took 0 ms.
18:25:58.052 [main] INFO  org.testng.log4testng.Logger.info(Logger.java:112)oggger - [Utils] MethodGroupsHelper.sortMethods() took 0 ms.
18:25:58.053 [main] INFO  org.testng.log4testng.Logger.info(Logger.java:112)oggger - [Utils] MethodGroupsHelper.collectMethodsByGroup() took 0 ms.
18:25:58.053 [main] INFO  org.testng.log4testng.Logger.info(Logger.java:112)oggger - [Utils] MethodGroupsHelper.sortMethods() took 0 ms.
18:25:58.054 [main] INFO  org.testng.log4testng.Logger.info(Logger.java:112)oggger - [Utils] MethodGroupsHelper.collectMethodsByGroup() took 0 ms.
18:25:58.054 [main] INFO  org.testng.log4testng.Logger.info(Logger.java:112)oggger - [Utils] MethodGroupsHelper.sortMethods() took 0 ms.
18:25:58.054 [main] INFO  org.testng.log4testng.Logger.info(Logger.java:112)oggger - [Utils] MethodGroupsHelper.collectMethodsByGroup() took 0 ms.
18:25:58.055 [main] INFO  org.testng.log4testng.Logger.info(Logger.java:112)oggger - [Utils] MethodGroupsHelper.sortMethods() took 0 ms.
18:25:58.055 [main] INFO  org.testng.log4testng.Logger.info(Logger.java:112)oggger - [Utils] MethodGroupsHelper.collectMethodsByGroup() took 0 ms.
18:25:58.055 [main] INFO  org.testng.log4testng.Logger.info(Logger.java:112)oggger - [Utils] MethodGroupsHelper.sortMethods() took 0 ms.
18:25:58.055 [main] INFO  org.testng.log4testng.Logger.info(Logger.java:112)oggger - [Utils] MethodGroupsHelper.collectMethodsByGroup() took 0 ms.
18:25:58.056 [main] INFO  org.testng.log4testng.Logger.info(Logger.java:112)oggger - [Utils] MethodGroupsHelper.sortMethods() took 0 ms.
18:25:58.059 [main] INFO  org.testng.log4testng.Logger.info(Logger.java:112)oggger - [Utils] MethodGroupsHelper.collectMethodsByGroup() took 0 ms.
18:25:58.059 [main] INFO  org.testng.log4testng.Logger.info(Logger.java:112)oggger - [Utils] MethodGroupsHelper.sortMethods() took 0 ms.
18:25:58.059 [main] INFO  org.testng.log4testng.Logger.info(Logger.java:112)oggger - [Utils] MethodGroupsHelper.collectMethodsByGroup() took 0 ms.
18:25:58.060 [main] INFO  org.testng.log4testng.Logger.info(Logger.java:112)oggger - [Utils] MethodGroupsHelper.sortMethods() took 0 ms.
18:25:58.061 [main] INFO  org.testng.log4testng.Logger.info(Logger.java:112)oggger - [Utils] MethodGroupsHelper.collectMethodsByGroup() took 1 ms.
18:25:58.072 [main] INFO  org.testng.log4testng.Logger.info(Logger.java:112)oggger - [Utils] MethodGroupsHelper.sortMethods() took 11 ms.
18:25:58.073 [main] INFO  org.testng.log4testng.Logger.info(Logger.java:112)oggger - [Utils] MethodGroupsHelper.collectMethodsByGroup() took 0 ms.
18:25:58.073 [main] INFO  org.testng.log4testng.Logger.info(Logger.java:112)oggger - [Utils] MethodGroupsHelper.sortMethods() took 0 ms.
18:25:58.073 [main] INFO  org.testng.log4testng.Logger.info(Logger.java:112)oggger - [Utils] MethodGroupsHelper.collectMethodsByGroup() took 0 ms.
18:25:58.073 [main] INFO  org.testng.log4testng.Logger.info(Logger.java:112)oggger - [Utils] MethodGroupsHelper.sortMethods() took 0 ms.
18:25:58.082 [main] INFO  org.testng.log4testng.Logger.info(Logger.java:112)oggger - [TestNG] Running:
  C:\Users\mayur.kotekar\AppData\Local\Temp\testng-eclipse-703555208\testng-customsuite.xml

18:25:58.102 [main] INFO  org.testng.log4testng.Logger.info(Logger.java:112)oggger - [Utils] DynamicGraphHelper.createDynamicGraph() took 3 ms.
18:26:25.147 [main] INFO  org.testng.log4testng.Logger.info(Logger.java:112)oggger - [TestNG] Time taken by org.testng.reporters.jq.Main@58496dc: 194 ms
18:26:25.194 [main] INFO  org.testng.log4testng.Logger.info(Logger.java:112)oggger - [TestNG] Time taken by org.testng.reporters.FailedReporter@64b70919: 47 ms
18:26:25.230 [main] INFO  org.testng.log4testng.Logger.info(Logger.java:112)oggger - [TestNG] Time taken by org.testng.reporters.XMLReporter@53c68ce: 33 ms
18:26:25.255 [main] INFO  org.testng.log4testng.Logger.info(Logger.java:112)oggger - [TestNG] Time taken by org.testng.reporters.EmailableReporter2@363f0ba0: 25 ms
18:26:25.305 [main] INFO  org.testng.log4testng.Logger.info(Logger.java:112)oggger - [TestNG] Time taken by org.testng.reporters.JUnitReportReporter@2aeefcc: 50 ms
18:26:25.305 [main] INFO  org.testng.log4testng.Logger.info(Logger.java:112)oggger - [TestNG] Time taken by org.testng.internal.ExitCodeListener@359ff4d9: 0 ms
18:27:09.710 [main] DEBUG org.testng.log4testng.Logger.debug(Logger.java:82)oggger - suiteXmlPath: "C:\Users\MAYUR~1.KOT\AppData\Local\Temp\testng-eclipse-567662226\testng-customsuite.xml"
18:27:09.930 [main] INFO  org.testng.log4testng.Logger.info(Logger.java:112)oggger - [Utils] MethodGroupsHelper.collectMethodsByGroup() took 1 ms.
18:27:09.933 [main] INFO  org.testng.log4testng.Logger.info(Logger.java:112)oggger - [Utils] MethodGroupsHelper.sortMethods() took 2 ms.
18:27:09.935 [main] INFO  org.testng.log4testng.Logger.info(Logger.java:112)oggger - [Utils] MethodGroupsHelper.collectMethodsByGroup() took 0 ms.
18:27:09.935 [main] INFO  org.testng.log4testng.Logger.info(Logger.java:112)oggger - [Utils] MethodGroupsHelper.sortMethods() took 0 ms.
18:27:09.935 [main] INFO  org.testng.log4testng.Logger.info(Logger.java:112)oggger - [Utils] MethodGroupsHelper.collectMethodsByGroup() took 0 ms.
18:27:09.935 [main] INFO  org.testng.log4testng.Logger.info(Logger.java:112)oggger - [Utils] MethodGroupsHelper.sortMethods() took 0 ms.
18:27:09.936 [main] INFO  org.testng.log4testng.Logger.info(Logger.java:112)oggger - [Utils] MethodGroupsHelper.collectMethodsByGroup() took 0 ms.
18:27:09.936 [main] INFO  org.testng.log4testng.Logger.info(Logger.java:112)oggger - [Utils] MethodGroupsHelper.sortMethods() took 0 ms.
18:27:09.941 [main] INFO  org.testng.log4testng.Logger.info(Logger.java:112)oggger - [Utils] MethodGroupsHelper.collectMethodsByGroup() took 1 ms.
18:27:09.949 [main] INFO  org.testng.log4testng.Logger.info(Logger.java:112)oggger - [Utils] MethodGroupsHelper.sortMethods() took 7 ms.
18:27:09.951 [main] INFO  org.testng.log4testng.Logger.info(Logger.java:112)oggger - [Utils] MethodGroupsHelper.collectMethodsByGroup() took 0 ms.
18:27:09.951 [main] INFO  org.testng.log4testng.Logger.info(Logger.java:112)oggger - [Utils] MethodGroupsHelper.sortMethods() took 0 ms.
18:27:09.951 [main] INFO  org.testng.log4testng.Logger.info(Logger.java:112)oggger - [Utils] MethodGroupsHelper.collectMethodsByGroup() took 0 ms.
18:27:09.952 [main] INFO  org.testng.log4testng.Logger.info(Logger.java:112)oggger - [Utils] MethodGroupsHelper.sortMethods() took 0 ms.
18:27:09.952 [main] INFO  org.testng.log4testng.Logger.info(Logger.java:112)oggger - [Utils] MethodGroupsHelper.collectMethodsByGroup() took 0 ms.
18:27:09.952 [main] INFO  org.testng.log4testng.Logger.info(Logger.java:112)oggger - [Utils] MethodGroupsHelper.sortMethods() took 0 ms.
18:27:09.953 [main] INFO  org.testng.log4testng.Logger.info(Logger.java:112)oggger - [Utils] MethodGroupsHelper.collectMethodsByGroup() took 0 ms.
18:27:09.954 [main] INFO  org.testng.log4testng.Logger.info(Logger.java:112)oggger - [Utils] MethodGroupsHelper.sortMethods() took 0 ms.
18:27:09.954 [main] INFO  org.testng.log4testng.Logger.info(Logger.java:112)oggger - [Utils] MethodGroupsHelper.collectMethodsByGroup() took 0 ms.
18:27:09.954 [main] INFO  org.testng.log4testng.Logger.info(Logger.java:112)oggger - [Utils] MethodGroupsHelper.sortMethods() took 0 ms.
18:27:09.957 [main] INFO  org.testng.log4testng.Logger.info(Logger.java:112)oggger - [Utils] MethodGroupsHelper.collectMethodsByGroup() took 0 ms.
18:27:09.958 [main] INFO  org.testng.log4testng.Logger.info(Logger.java:112)oggger - [Utils] MethodGroupsHelper.sortMethods() took 0 ms.
18:27:09.958 [main] INFO  org.testng.log4testng.Logger.info(Logger.java:112)oggger - [Utils] MethodGroupsHelper.collectMethodsByGroup() took 0 ms.
18:27:09.959 [main] INFO  org.testng.log4testng.Logger.info(Logger.java:112)oggger - [Utils] MethodGroupsHelper.sortMethods() took 0 ms.
18:27:09.960 [main] INFO  org.testng.log4testng.Logger.info(Logger.java:112)oggger - [Utils] MethodGroupsHelper.collectMethodsByGroup() took 0 ms.
18:27:09.961 [main] INFO  org.testng.log4testng.Logger.info(Logger.java:112)oggger - [Utils] MethodGroupsHelper.sortMethods() took 1 ms.
18:27:09.962 [main] INFO  org.testng.log4testng.Logger.info(Logger.java:112)oggger - [Utils] MethodGroupsHelper.collectMethodsByGroup() took 0 ms.
18:27:09.962 [main] INFO  org.testng.log4testng.Logger.info(Logger.java:112)oggger - [Utils] MethodGroupsHelper.sortMethods() took 0 ms.
18:27:09.962 [main] INFO  org.testng.log4testng.Logger.info(Logger.java:112)oggger - [Utils] MethodGroupsHelper.collectMethodsByGroup() took 0 ms.
18:27:09.963 [main] INFO  org.testng.log4testng.Logger.info(Logger.java:112)oggger - [Utils] MethodGroupsHelper.sortMethods() took 0 ms.
18:27:09.970 [main] INFO  org.testng.log4testng.Logger.info(Logger.java:112)oggger - [TestNG] Running:
  C:\Users\mayur.kotekar\AppData\Local\Temp\testng-eclipse-567662226\testng-customsuite.xml

18:27:09.991 [main] INFO  org.testng.log4testng.Logger.info(Logger.java:112)oggger - [Utils] DynamicGraphHelper.createDynamicGraph() took 6 ms.
18:27:23.926 [main] INFO  org.testng.log4testng.Logger.info(Logger.java:112)oggger - [TestNG] Time taken by org.testng.reporters.jq.Main@3b0ee03a: 204 ms
18:27:23.975 [main] INFO  org.testng.log4testng.Logger.info(Logger.java:112)oggger - [TestNG] Time taken by org.testng.reporters.FailedReporter@f202d6d: 49 ms
18:27:24.009 [main] INFO  org.testng.log4testng.Logger.info(Logger.java:112)oggger - [TestNG] Time taken by org.testng.reporters.XMLReporter@6892cc6f: 34 ms
18:27:24.037 [main] INFO  org.testng.log4testng.Logger.info(Logger.java:112)oggger - [TestNG] Time taken by org.testng.reporters.EmailableReporter2@4ed38226: 28 ms
18:27:24.067 [main] INFO  org.testng.log4testng.Logger.info(Logger.java:112)oggger - [TestNG] Time taken by org.testng.reporters.JUnitReportReporter@5f80fa43: 30 ms
18:27:24.067 [main] INFO  org.testng.log4testng.Logger.info(Logger.java:112)oggger - [TestNG] Time taken by org.testng.internal.ExitCodeListener@16c8b7bd: 0 ms
18:28:30.068 [main] DEBUG org.testng.log4testng.Logger.debug(Logger.java:82)oggger - suiteXmlPath: "C:\Users\MAYUR~1.KOT\AppData\Local\Temp\testng-eclipse-1263611689\testng-customsuite.xml"
18:28:30.292 [main] INFO  org.testng.log4testng.Logger.info(Logger.java:112)oggger - [Utils] MethodGroupsHelper.collectMethodsByGroup() took 0 ms.
18:28:30.295 [main] INFO  org.testng.log4testng.Logger.info(Logger.java:112)oggger - [Utils] MethodGroupsHelper.sortMethods() took 1 ms.
18:28:30.298 [main] INFO  org.testng.log4testng.Logger.info(Logger.java:112)oggger - [Utils] MethodGroupsHelper.collectMethodsByGroup() took 0 ms.
18:28:30.298 [main] INFO  org.testng.log4testng.Logger.info(Logger.java:112)oggger - [Utils] MethodGroupsHelper.sortMethods() took 0 ms.
18:28:30.299 [main] INFO  org.testng.log4testng.Logger.info(Logger.java:112)oggger - [Utils] MethodGroupsHelper.collectMethodsByGroup() took 0 ms.
18:28:30.299 [main] INFO  org.testng.log4testng.Logger.info(Logger.java:112)oggger - [Utils] MethodGroupsHelper.sortMethods() took 0 ms.
18:28:30.300 [main] INFO  org.testng.log4testng.Logger.info(Logger.java:112)oggger - [Utils] MethodGroupsHelper.collectMethodsByGroup() took 0 ms.
18:28:30.300 [main] INFO  org.testng.log4testng.Logger.info(Logger.java:112)oggger - [Utils] MethodGroupsHelper.sortMethods() took 0 ms.
18:28:30.304 [main] INFO  org.testng.log4testng.Logger.info(Logger.java:112)oggger - [Utils] MethodGroupsHelper.collectMethodsByGroup() took 2 ms.
18:28:30.315 [main] INFO  org.testng.log4testng.Logger.info(Logger.java:112)oggger - [Utils] MethodGroupsHelper.sortMethods() took 10 ms.
18:28:30.317 [main] INFO  org.testng.log4testng.Logger.info(Logger.java:112)oggger - [Utils] MethodGroupsHelper.collectMethodsByGroup() took 0 ms.
18:28:30.317 [main] INFO  org.testng.log4testng.Logger.info(Logger.java:112)oggger - [Utils] MethodGroupsHelper.sortMethods() took 0 ms.
18:28:30.317 [main] INFO  org.testng.log4testng.Logger.info(Logger.java:112)oggger - [Utils] MethodGroupsHelper.collectMethodsByGroup() took 0 ms.
18:28:30.318 [main] INFO  org.testng.log4testng.Logger.info(Logger.java:112)oggger - [Utils] MethodGroupsHelper.sortMethods() took 0 ms.
18:28:30.318 [main] INFO  org.testng.log4testng.Logger.info(Logger.java:112)oggger - [Utils] MethodGroupsHelper.collectMethodsByGroup() took 0 ms.
18:28:30.318 [main] INFO  org.testng.log4testng.Logger.info(Logger.java:112)oggger - [Utils] MethodGroupsHelper.sortMethods() took 0 ms.
18:28:30.319 [main] INFO  org.testng.log4testng.Logger.info(Logger.java:112)oggger - [Utils] MethodGroupsHelper.collectMethodsByGroup() took 0 ms.
18:28:30.319 [main] INFO  org.testng.log4testng.Logger.info(Logger.java:112)oggger - [Utils] MethodGroupsHelper.sortMethods() took 0 ms.
18:28:30.320 [main] INFO  org.testng.log4testng.Logger.info(Logger.java:112)oggger - [Utils] MethodGroupsHelper.collectMethodsByGroup() took 0 ms.
18:28:30.320 [main] INFO  org.testng.log4testng.Logger.info(Logger.java:112)oggger - [Utils] MethodGroupsHelper.sortMethods() took 0 ms.
18:28:30.322 [main] INFO  org.testng.log4testng.Logger.info(Logger.java:112)oggger - [Utils] MethodGroupsHelper.collectMethodsByGroup() took 0 ms.
18:28:30.322 [main] INFO  org.testng.log4testng.Logger.info(Logger.java:112)oggger - [Utils] MethodGroupsHelper.sortMethods() took 0 ms.
18:28:30.322 [main] INFO  org.testng.log4testng.Logger.info(Logger.java:112)oggger - [Utils] MethodGroupsHelper.collectMethodsByGroup() took 0 ms.
18:28:30.323 [main] INFO  org.testng.log4testng.Logger.info(Logger.java:112)oggger - [Utils] MethodGroupsHelper.sortMethods() took 0 ms.
18:28:30.324 [main] INFO  org.testng.log4testng.Logger.info(Logger.java:112)oggger - [Utils] MethodGroupsHelper.collectMethodsByGroup() took 1 ms.
18:28:30.325 [main] INFO  org.testng.log4testng.Logger.info(Logger.java:112)oggger - [Utils] MethodGroupsHelper.sortMethods() took 1 ms.
18:28:30.326 [main] INFO  org.testng.log4testng.Logger.info(Logger.java:112)oggger - [Utils] MethodGroupsHelper.collectMethodsByGroup() took 0 ms.
18:28:30.327 [main] INFO  org.testng.log4testng.Logger.info(Logger.java:112)oggger - [Utils] MethodGroupsHelper.sortMethods() took 0 ms.
18:28:30.327 [main] INFO  org.testng.log4testng.Logger.info(Logger.java:112)oggger - [Utils] MethodGroupsHelper.collectMethodsByGroup() took 0 ms.
18:28:30.327 [main] INFO  org.testng.log4testng.Logger.info(Logger.java:112)oggger - [Utils] MethodGroupsHelper.sortMethods() took 0 ms.
18:28:30.337 [main] INFO  org.testng.log4testng.Logger.info(Logger.java:112)oggger - [TestNG] Running:
  C:\Users\mayur.kotekar\AppData\Local\Temp\testng-eclipse-1263611689\testng-customsuite.xml

18:28:30.358 [main] INFO  org.testng.log4testng.Logger.info(Logger.java:112)oggger - [Utils] DynamicGraphHelper.createDynamicGraph() took 3 ms.
18:28:49.469 [main] INFO  org.testng.log4testng.Logger.info(Logger.java:112)oggger - [TestNG] Time taken by org.testng.reporters.jq.Main@1ba05e38: 159 ms
18:28:49.506 [main] INFO  org.testng.log4testng.Logger.info(Logger.java:112)oggger - [TestNG] Time taken by org.testng.reporters.FailedReporter@60e21209: 37 ms
18:28:49.532 [main] INFO  org.testng.log4testng.Logger.info(Logger.java:112)oggger - [TestNG] Time taken by org.testng.reporters.XMLReporter@6fd1660: 26 ms
18:28:49.574 [main] INFO  org.testng.log4testng.Logger.info(Logger.java:112)oggger - [TestNG] Time taken by org.testng.reporters.EmailableReporter2@3d43fe: 40 ms
18:28:49.600 [main] INFO  org.testng.log4testng.Logger.info(Logger.java:112)oggger - [TestNG] Time taken by org.testng.reporters.JUnitReportReporter@16c8b7bd: 26 ms
18:28:49.600 [main] INFO  org.testng.log4testng.Logger.info(Logger.java:112)oggger - [TestNG] Time taken by org.testng.internal.ExitCodeListener@7159139f: 0 ms
18:30:27.289 [main] DEBUG org.testng.log4testng.Logger.debug(Logger.java:82)oggger - suiteXmlPath: "C:\Users\MAYUR~1.KOT\AppData\Local\Temp\testng-eclipse--1397190755\testng-customsuite.xml"
18:30:27.516 [main] INFO  org.testng.log4testng.Logger.info(Logger.java:112)oggger - [Utils] MethodGroupsHelper.collectMethodsByGroup() took 4 ms.
18:30:27.519 [main] INFO  org.testng.log4testng.Logger.info(Logger.java:112)oggger - [Utils] MethodGroupsHelper.sortMethods() took 2 ms.
18:30:27.520 [main] INFO  org.testng.log4testng.Logger.info(Logger.java:112)oggger - [Utils] MethodGroupsHelper.collectMethodsByGroup() took 0 ms.
18:30:27.520 [main] INFO  org.testng.log4testng.Logger.info(Logger.java:112)oggger - [Utils] MethodGroupsHelper.sortMethods() took 0 ms.
18:30:27.521 [main] INFO  org.testng.log4testng.Logger.info(Logger.java:112)oggger - [Utils] MethodGroupsHelper.collectMethodsByGroup() took 0 ms.
18:30:27.521 [main] INFO  org.testng.log4testng.Logger.info(Logger.java:112)oggger - [Utils] MethodGroupsHelper.sortMethods() took 0 ms.
18:30:27.521 [main] INFO  org.testng.log4testng.Logger.info(Logger.java:112)oggger - [Utils] MethodGroupsHelper.collectMethodsByGroup() took 0 ms.
18:30:27.522 [main] INFO  org.testng.log4testng.Logger.info(Logger.java:112)oggger - [Utils] MethodGroupsHelper.sortMethods() took 0 ms.
18:30:27.528 [main] INFO  org.testng.log4testng.Logger.info(Logger.java:112)oggger - [Utils] MethodGroupsHelper.collectMethodsByGroup() took 5 ms.
18:30:27.536 [main] INFO  org.testng.log4testng.Logger.info(Logger.java:112)oggger - [Utils] MethodGroupsHelper.sortMethods() took 8 ms.
18:30:27.537 [main] INFO  org.testng.log4testng.Logger.info(Logger.java:112)oggger - [Utils] MethodGroupsHelper.collectMethodsByGroup() took 0 ms.
18:30:27.537 [main] INFO  org.testng.log4testng.Logger.info(Logger.java:112)oggger - [Utils] MethodGroupsHelper.sortMethods() took 0 ms.
18:30:27.537 [main] INFO  org.testng.log4testng.Logger.info(Logger.java:112)oggger - [Utils] MethodGroupsHelper.collectMethodsByGroup() took 0 ms.
18:30:27.538 [main] INFO  org.testng.log4testng.Logger.info(Logger.java:112)oggger - [Utils] MethodGroupsHelper.sortMethods() took 0 ms.
18:30:27.539 [main] INFO  org.testng.log4testng.Logger.info(Logger.java:112)oggger - [Utils] MethodGroupsHelper.collectMethodsByGroup() took 0 ms.
18:30:27.539 [main] INFO  org.testng.log4testng.Logger.info(Logger.java:112)oggger - [Utils] MethodGroupsHelper.sortMethods() took 0 ms.
18:30:27.540 [main] INFO  org.testng.log4testng.Logger.info(Logger.java:112)oggger - [Utils] MethodGroupsHelper.collectMethodsByGroup() took 0 ms.
18:30:27.540 [main] INFO  org.testng.log4testng.Logger.info(Logger.java:112)oggger - [Utils] MethodGroupsHelper.sortMethods() took 0 ms.
18:30:27.542 [main] INFO  org.testng.log4testng.Logger.info(Logger.java:112)oggger - [Utils] MethodGroupsHelper.collectMethodsByGroup() took 0 ms.
18:30:27.542 [main] INFO  org.testng.log4testng.Logger.info(Logger.java:112)oggger - [Utils] MethodGroupsHelper.sortMethods() took 0 ms.
18:30:27.544 [main] INFO  org.testng.log4testng.Logger.info(Logger.java:112)oggger - [Utils] MethodGroupsHelper.collectMethodsByGroup() took 0 ms.
18:30:27.544 [main] INFO  org.testng.log4testng.Logger.info(Logger.java:112)oggger - [Utils] MethodGroupsHelper.sortMethods() took 0 ms.
18:30:27.544 [main] INFO  org.testng.log4testng.Logger.info(Logger.java:112)oggger - [Utils] MethodGroupsHelper.collectMethodsByGroup() took 0 ms.
18:30:27.545 [main] INFO  org.testng.log4testng.Logger.info(Logger.java:112)oggger - [Utils] MethodGroupsHelper.sortMethods() took 1 ms.
18:30:27.546 [main] INFO  org.testng.log4testng.Logger.info(Logger.java:112)oggger - [Utils] MethodGroupsHelper.collectMethodsByGroup() took 1 ms.
18:30:27.546 [main] INFO  org.testng.log4testng.Logger.info(Logger.java:112)oggger - [Utils] MethodGroupsHelper.sortMethods() took 0 ms.
18:30:27.548 [main] INFO  org.testng.log4testng.Logger.info(Logger.java:112)oggger - [Utils] MethodGroupsHelper.collectMethodsByGroup() took 0 ms.
18:30:27.548 [main] INFO  org.testng.log4testng.Logger.info(Logger.java:112)oggger - [Utils] MethodGroupsHelper.sortMethods() took 0 ms.
18:30:27.548 [main] INFO  org.testng.log4testng.Logger.info(Logger.java:112)oggger - [Utils] MethodGroupsHelper.collectMethodsByGroup() took 0 ms.
18:30:27.548 [main] INFO  org.testng.log4testng.Logger.info(Logger.java:112)oggger - [Utils] MethodGroupsHelper.sortMethods() took 0 ms.
18:30:27.554 [main] INFO  org.testng.log4testng.Logger.info(Logger.java:112)oggger - [TestNG] Running:
  C:\Users\mayur.kotekar\AppData\Local\Temp\testng-eclipse--1397190755\testng-customsuite.xml

18:30:27.576 [main] INFO  org.testng.log4testng.Logger.info(Logger.java:112)oggger - [Utils] DynamicGraphHelper.createDynamicGraph() took 8 ms.
18:30:51.018 [main] INFO  org.testng.log4testng.Logger.info(Logger.java:112)oggger - [TestNG] Time taken by org.testng.reporters.jq.Main@1ba05e38: 200 ms
18:30:51.060 [main] INFO  org.testng.log4testng.Logger.info(Logger.java:112)oggger - [TestNG] Time taken by org.testng.reporters.FailedReporter@60e21209: 42 ms
18:30:51.094 [main] INFO  org.testng.log4testng.Logger.info(Logger.java:112)oggger - [TestNG] Time taken by org.testng.reporters.XMLReporter@6fd1660: 34 ms
18:30:51.134 [main] INFO  org.testng.log4testng.Logger.info(Logger.java:112)oggger - [TestNG] Time taken by org.testng.reporters.EmailableReporter2@3d43fe: 39 ms
18:30:51.159 [main] INFO  org.testng.log4testng.Logger.info(Logger.java:112)oggger - [TestNG] Time taken by org.testng.reporters.JUnitReportReporter@16c8b7bd: 24 ms
18:30:51.165 [main] INFO  org.testng.log4testng.Logger.info(Logger.java:112)oggger - [TestNG] Time taken by org.testng.internal.ExitCodeListener@7159139f: 0 ms
18:37:26.353 [main] DEBUG org.testng.log4testng.Logger.debug(Logger.java:82)oggger - suiteXmlPath: "C:\Users\MAYUR~1.KOT\AppData\Local\Temp\testng-eclipse-143173631\testng-customsuite.xml"
18:37:26.584 [main] INFO  org.testng.log4testng.Logger.info(Logger.java:112)oggger - [Utils] MethodGroupsHelper.collectMethodsByGroup() took 1 ms.
18:37:26.587 [main] INFO  org.testng.log4testng.Logger.info(Logger.java:112)oggger - [Utils] MethodGroupsHelper.sortMethods() took 1 ms.
18:37:26.589 [main] INFO  org.testng.log4testng.Logger.info(Logger.java:112)oggger - [Utils] MethodGroupsHelper.collectMethodsByGroup() took 0 ms.
18:37:26.589 [main] INFO  org.testng.log4testng.Logger.info(Logger.java:112)oggger - [Utils] MethodGroupsHelper.sortMethods() took 0 ms.
18:37:26.589 [main] INFO  org.testng.log4testng.Logger.info(Logger.java:112)oggger - [Utils] MethodGroupsHelper.collectMethodsByGroup() took 0 ms.
18:37:26.589 [main] INFO  org.testng.log4testng.Logger.info(Logger.java:112)oggger - [Utils] MethodGroupsHelper.sortMethods() took 0 ms.
18:37:26.590 [main] INFO  org.testng.log4testng.Logger.info(Logger.java:112)oggger - [Utils] MethodGroupsHelper.collectMethodsByGroup() took 0 ms.
18:37:26.590 [main] INFO  org.testng.log4testng.Logger.info(Logger.java:112)oggger - [Utils] MethodGroupsHelper.sortMethods() took 0 ms.
18:37:26.594 [main] INFO  org.testng.log4testng.Logger.info(Logger.java:112)oggger - [Utils] MethodGroupsHelper.collectMethodsByGroup() took 3 ms.
18:37:26.608 [main] INFO  org.testng.log4testng.Logger.info(Logger.java:112)oggger - [Utils] MethodGroupsHelper.sortMethods() took 13 ms.
18:37:26.609 [main] INFO  org.testng.log4testng.Logger.info(Logger.java:112)oggger - [Utils] MethodGroupsHelper.collectMethodsByGroup() took 0 ms.
18:37:26.609 [main] INFO  org.testng.log4testng.Logger.info(Logger.java:112)oggger - [Utils] MethodGroupsHelper.sortMethods() took 0 ms.
18:37:26.610 [main] INFO  org.testng.log4testng.Logger.info(Logger.java:112)oggger - [Utils] MethodGroupsHelper.collectMethodsByGroup() took 0 ms.
18:37:26.610 [main] INFO  org.testng.log4testng.Logger.info(Logger.java:112)oggger - [Utils] MethodGroupsHelper.sortMethods() took 0 ms.
18:37:26.610 [main] INFO  org.testng.log4testng.Logger.info(Logger.java:112)oggger - [Utils] MethodGroupsHelper.collectMethodsByGroup() took 0 ms.
18:37:26.610 [main] INFO  org.testng.log4testng.Logger.info(Logger.java:112)oggger - [Utils] MethodGroupsHelper.sortMethods() took 0 ms.
18:37:26.611 [main] INFO  org.testng.log4testng.Logger.info(Logger.java:112)oggger - [Utils] MethodGroupsHelper.collectMethodsByGroup() took 0 ms.
18:37:26.611 [main] INFO  org.testng.log4testng.Logger.info(Logger.java:112)oggger - [Utils] MethodGroupsHelper.sortMethods() took 0 ms.
18:37:26.612 [main] INFO  org.testng.log4testng.Logger.info(Logger.java:112)oggger - [Utils] MethodGroupsHelper.collectMethodsByGroup() took 0 ms.
18:37:26.612 [main] INFO  org.testng.log4testng.Logger.info(Logger.java:112)oggger - [Utils] MethodGroupsHelper.sortMethods() took 0 ms.
18:37:26.614 [main] INFO  org.testng.log4testng.Logger.info(Logger.java:112)oggger - [Utils] MethodGroupsHelper.collectMethodsByGroup() took 0 ms.
18:37:26.614 [main] INFO  org.testng.log4testng.Logger.info(Logger.java:112)oggger - [Utils] MethodGroupsHelper.sortMethods() took 0 ms.
18:37:26.614 [main] INFO  org.testng.log4testng.Logger.info(Logger.java:112)oggger - [Utils] MethodGroupsHelper.collectMethodsByGroup() took 0 ms.
18:37:26.614 [main] INFO  org.testng.log4testng.Logger.info(Logger.java:112)oggger - [Utils] MethodGroupsHelper.sortMethods() took 0 ms.
18:37:26.618 [main] INFO  org.testng.log4testng.Logger.info(Logger.java:112)oggger - [Utils] MethodGroupsHelper.collectMethodsByGroup() took 1 ms.
18:37:26.618 [main] INFO  org.testng.log4testng.Logger.info(Logger.java:112)oggger - [Utils] MethodGroupsHelper.sortMethods() took 0 ms.
18:37:26.620 [main] INFO  org.testng.log4testng.Logger.info(Logger.java:112)oggger - [Utils] MethodGroupsHelper.collectMethodsByGroup() took 0 ms.
18:37:26.620 [main] INFO  org.testng.log4testng.Logger.info(Logger.java:112)oggger - [Utils] MethodGroupsHelper.sortMethods() took 0 ms.
18:37:26.620 [main] INFO  org.testng.log4testng.Logger.info(Logger.java:112)oggger - [Utils] MethodGroupsHelper.collectMethodsByGroup() took 0 ms.
18:37:26.620 [main] INFO  org.testng.log4testng.Logger.info(Logger.java:112)oggger - [Utils] MethodGroupsHelper.sortMethods() took 0 ms.
18:37:26.627 [main] INFO  org.testng.log4testng.Logger.info(Logger.java:112)oggger - [TestNG] Running:
  C:\Users\mayur.kotekar\AppData\Local\Temp\testng-eclipse-143173631\testng-customsuite.xml

18:37:26.650 [main] INFO  org.testng.log4testng.Logger.info(Logger.java:112)oggger - [Utils] DynamicGraphHelper.createDynamicGraph() took 4 ms.
18:37:50.048 [main] INFO  org.testng.log4testng.Logger.info(Logger.java:112)oggger - [TestNG] Time taken by org.testng.reporters.jq.Main@1ba05e38: 186 ms
18:37:50.102 [main] INFO  org.testng.log4testng.Logger.info(Logger.java:112)oggger - [TestNG] Time taken by org.testng.reporters.FailedReporter@60e21209: 52 ms
18:37:50.130 [main] INFO  org.testng.log4testng.Logger.info(Logger.java:112)oggger - [TestNG] Time taken by org.testng.reporters.XMLReporter@6fd1660: 28 ms
18:37:50.178 [main] INFO  org.testng.log4testng.Logger.info(Logger.java:112)oggger - [TestNG] Time taken by org.testng.reporters.EmailableReporter2@3d43fe: 47 ms
18:37:50.206 [main] INFO  org.testng.log4testng.Logger.info(Logger.java:112)oggger - [TestNG] Time taken by org.testng.reporters.JUnitReportReporter@16c8b7bd: 28 ms
18:37:50.206 [main] INFO  org.testng.log4testng.Logger.info(Logger.java:112)oggger - [TestNG] Time taken by org.testng.internal.ExitCodeListener@7159139f: 0 ms
18:42:03.514 [main] DEBUG org.testng.log4testng.Logger.debug(Logger.java:82)oggger - suiteXmlPath: "C:\Users\MAYUR~1.KOT\AppData\Local\Temp\testng-eclipse--608627365\testng-customsuite.xml"
18:42:03.751 [main] INFO  org.testng.log4testng.Logger.info(Logger.java:112)oggger - [Utils] MethodGroupsHelper.collectMethodsByGroup() took 3 ms.
18:42:03.753 [main] INFO  org.testng.log4testng.Logger.info(Logger.java:112)oggger - [Utils] MethodGroupsHelper.sortMethods() took 0 ms.
18:42:03.758 [main] INFO  org.testng.log4testng.Logger.info(Logger.java:112)oggger - [Utils] MethodGroupsHelper.collectMethodsByGroup() took 0 ms.
18:42:03.758 [main] INFO  org.testng.log4testng.Logger.info(Logger.java:112)oggger - [Utils] MethodGroupsHelper.sortMethods() took 0 ms.
18:42:03.760 [main] INFO  org.testng.log4testng.Logger.info(Logger.java:112)oggger - [Utils] MethodGroupsHelper.collectMethodsByGroup() took 0 ms.
18:42:03.760 [main] INFO  org.testng.log4testng.Logger.info(Logger.java:112)oggger - [Utils] MethodGroupsHelper.sortMethods() took 0 ms.
18:42:03.760 [main] INFO  org.testng.log4testng.Logger.info(Logger.java:112)oggger - [Utils] MethodGroupsHelper.collectMethodsByGroup() took 0 ms.
18:42:03.761 [main] INFO  org.testng.log4testng.Logger.info(Logger.java:112)oggger - [Utils] MethodGroupsHelper.sortMethods() took 0 ms.
18:42:03.766 [main] INFO  org.testng.log4testng.Logger.info(Logger.java:112)oggger - [Utils] MethodGroupsHelper.collectMethodsByGroup() took 3 ms.
18:42:03.774 [main] INFO  org.testng.log4testng.Logger.info(Logger.java:112)oggger - [Utils] MethodGroupsHelper.sortMethods() took 8 ms.
18:42:03.775 [main] INFO  org.testng.log4testng.Logger.info(Logger.java:112)oggger - [Utils] MethodGroupsHelper.collectMethodsByGroup() took 0 ms.
18:42:03.775 [main] INFO  org.testng.log4testng.Logger.info(Logger.java:112)oggger - [Utils] MethodGroupsHelper.sortMethods() took 0 ms.
18:42:03.776 [main] INFO  org.testng.log4testng.Logger.info(Logger.java:112)oggger - [Utils] MethodGroupsHelper.collectMethodsByGroup() took 0 ms.
18:42:03.776 [main] INFO  org.testng.log4testng.Logger.info(Logger.java:112)oggger - [Utils] MethodGroupsHelper.sortMethods() took 0 ms.
18:42:03.776 [main] INFO  org.testng.log4testng.Logger.info(Logger.java:112)oggger - [Utils] MethodGroupsHelper.collectMethodsByGroup() took 0 ms.
18:42:03.776 [main] INFO  org.testng.log4testng.Logger.info(Logger.java:112)oggger - [Utils] MethodGroupsHelper.sortMethods() took 0 ms.
18:42:03.780 [main] INFO  org.testng.log4testng.Logger.info(Logger.java:112)oggger - [Utils] MethodGroupsHelper.collectMethodsByGroup() took 0 ms.
18:42:03.780 [main] INFO  org.testng.log4testng.Logger.info(Logger.java:112)oggger - [Utils] MethodGroupsHelper.sortMethods() took 0 ms.
18:42:03.780 [main] INFO  org.testng.log4testng.Logger.info(Logger.java:112)oggger - [Utils] MethodGroupsHelper.collectMethodsByGroup() took 0 ms.
18:42:03.781 [main] INFO  org.testng.log4testng.Logger.info(Logger.java:112)oggger - [Utils] MethodGroupsHelper.sortMethods() took 0 ms.
18:42:03.782 [main] INFO  org.testng.log4testng.Logger.info(Logger.java:112)oggger - [Utils] MethodGroupsHelper.collectMethodsByGroup() took 0 ms.
18:42:03.782 [main] INFO  org.testng.log4testng.Logger.info(Logger.java:112)oggger - [Utils] MethodGroupsHelper.sortMethods() took 0 ms.
18:42:03.783 [main] INFO  org.testng.log4testng.Logger.info(Logger.java:112)oggger - [Utils] MethodGroupsHelper.collectMethodsByGroup() took 0 ms.
18:42:03.783 [main] INFO  org.testng.log4testng.Logger.info(Logger.java:112)oggger - [Utils] MethodGroupsHelper.sortMethods() took 0 ms.
18:42:03.785 [main] INFO  org.testng.log4testng.Logger.info(Logger.java:112)oggger - [Utils] MethodGroupsHelper.collectMethodsByGroup() took 0 ms.
18:42:03.785 [main] INFO  org.testng.log4testng.Logger.info(Logger.java:112)oggger - [Utils] MethodGroupsHelper.sortMethods() took 0 ms.
18:42:03.786 [main] INFO  org.testng.log4testng.Logger.info(Logger.java:112)oggger - [Utils] MethodGroupsHelper.collectMethodsByGroup() took 0 ms.
18:42:03.787 [main] INFO  org.testng.log4testng.Logger.info(Logger.java:112)oggger - [Utils] MethodGroupsHelper.sortMethods() took 0 ms.
18:42:03.787 [main] INFO  org.testng.log4testng.Logger.info(Logger.java:112)oggger - [Utils] MethodGroupsHelper.collectMethodsByGroup() took 0 ms.
18:42:03.787 [main] INFO  org.testng.log4testng.Logger.info(Logger.java:112)oggger - [Utils] MethodGroupsHelper.sortMethods() took 0 ms.
18:42:03.794 [main] INFO  org.testng.log4testng.Logger.info(Logger.java:112)oggger - [TestNG] Running:
  C:\Users\mayur.kotekar\AppData\Local\Temp\testng-eclipse--608627365\testng-customsuite.xml

18:42:03.812 [main] INFO  org.testng.log4testng.Logger.info(Logger.java:112)oggger - [Utils] DynamicGraphHelper.createDynamicGraph() took 4 ms.
18:42:27.961 [main] INFO  org.testng.log4testng.Logger.info(Logger.java:112)oggger - [TestNG] Time taken by org.testng.reporters.jq.Main@205b132e: 80 ms
18:42:27.977 [main] INFO  org.testng.log4testng.Logger.info(Logger.java:112)oggger - [TestNG] Time taken by org.testng.reporters.FailedReporter@2d2acd89: 16 ms
18:42:27.988 [main] INFO  org.testng.log4testng.Logger.info(Logger.java:112)oggger - [TestNG] Time taken by org.testng.reporters.XMLReporter@253b380a: 11 ms
18:42:28.000 [main] INFO  org.testng.log4testng.Logger.info(Logger.java:112)oggger - [TestNG] Time taken by org.testng.reporters.EmailableReporter2@4a0df195: 12 ms
18:42:28.012 [main] INFO  org.testng.log4testng.Logger.info(Logger.java:112)oggger - [TestNG] Time taken by org.testng.reporters.JUnitReportReporter@1cb19dba: 12 ms
18:42:28.013 [main] INFO  org.testng.log4testng.Logger.info(Logger.java:112)oggger - [TestNG] Time taken by org.testng.internal.ExitCodeListener@7c3ebc6b: 0 ms
18:44:11.258 [main] DEBUG org.testng.log4testng.Logger.debug(Logger.java:82)oggger - suiteXmlPath: "C:\Users\MAYUR~1.KOT\AppData\Local\Temp\testng-eclipse--1485900306\testng-customsuite.xml"
18:44:11.475 [main] INFO  org.testng.log4testng.Logger.info(Logger.java:112)oggger - [Utils] MethodGroupsHelper.collectMethodsByGroup() took 0 ms.
18:44:11.478 [main] INFO  org.testng.log4testng.Logger.info(Logger.java:112)oggger - [Utils] MethodGroupsHelper.sortMethods() took 2 ms.
18:44:11.480 [main] INFO  org.testng.log4testng.Logger.info(Logger.java:112)oggger - [Utils] MethodGroupsHelper.collectMethodsByGroup() took 0 ms.
18:44:11.481 [main] INFO  org.testng.log4testng.Logger.info(Logger.java:112)oggger - [Utils] MethodGroupsHelper.sortMethods() took 0 ms.
18:44:11.482 [main] INFO  org.testng.log4testng.Logger.info(Logger.java:112)oggger - [Utils] MethodGroupsHelper.collectMethodsByGroup() took 0 ms.
18:44:11.483 [main] INFO  org.testng.log4testng.Logger.info(Logger.java:112)oggger - [Utils] MethodGroupsHelper.sortMethods() took 0 ms.
18:44:11.483 [main] INFO  org.testng.log4testng.Logger.info(Logger.java:112)oggger - [Utils] MethodGroupsHelper.collectMethodsByGroup() took 0 ms.
18:44:11.484 [main] INFO  org.testng.log4testng.Logger.info(Logger.java:112)oggger - [Utils] MethodGroupsHelper.sortMethods() took 0 ms.
18:44:11.488 [main] INFO  org.testng.log4testng.Logger.info(Logger.java:112)oggger - [Utils] MethodGroupsHelper.collectMethodsByGroup() took 3 ms.
18:44:11.497 [main] INFO  org.testng.log4testng.Logger.info(Logger.java:112)oggger - [Utils] MethodGroupsHelper.sortMethods() took 8 ms.
18:44:11.498 [main] INFO  org.testng.log4testng.Logger.info(Logger.java:112)oggger - [Utils] MethodGroupsHelper.collectMethodsByGroup() took 0 ms.
18:44:11.498 [main] INFO  org.testng.log4testng.Logger.info(Logger.java:112)oggger - [Utils] MethodGroupsHelper.sortMethods() took 0 ms.
18:44:11.499 [main] INFO  org.testng.log4testng.Logger.info(Logger.java:112)oggger - [Utils] MethodGroupsHelper.collectMethodsByGroup() took 0 ms.
18:44:11.499 [main] INFO  org.testng.log4testng.Logger.info(Logger.java:112)oggger - [Utils] MethodGroupsHelper.sortMethods() took 0 ms.
18:44:11.500 [main] INFO  org.testng.log4testng.Logger.info(Logger.java:112)oggger - [Utils] MethodGroupsHelper.collectMethodsByGroup() took 0 ms.
18:44:11.500 [main] INFO  org.testng.log4testng.Logger.info(Logger.java:112)oggger - [Utils] MethodGroupsHelper.sortMethods() took 0 ms.
18:44:11.501 [main] INFO  org.testng.log4testng.Logger.info(Logger.java:112)oggger - [Utils] MethodGroupsHelper.collectMethodsByGroup() took 0 ms.
18:44:11.502 [main] INFO  org.testng.log4testng.Logger.info(Logger.java:112)oggger - [Utils] MethodGroupsHelper.sortMethods() took 0 ms.
18:44:11.502 [main] INFO  org.testng.log4testng.Logger.info(Logger.java:112)oggger - [Utils] MethodGroupsHelper.collectMethodsByGroup() took 0 ms.
18:44:11.502 [main] INFO  org.testng.log4testng.Logger.info(Logger.java:112)oggger - [Utils] MethodGroupsHelper.sortMethods() took 0 ms.
18:44:11.505 [main] INFO  org.testng.log4testng.Logger.info(Logger.java:112)oggger - [Utils] MethodGroupsHelper.collectMethodsByGroup() took 0 ms.
18:44:11.505 [main] INFO  org.testng.log4testng.Logger.info(Logger.java:112)oggger - [Utils] MethodGroupsHelper.sortMethods() took 0 ms.
18:44:11.506 [main] INFO  org.testng.log4testng.Logger.info(Logger.java:112)oggger - [Utils] MethodGroupsHelper.collectMethodsByGroup() took 0 ms.
18:44:11.506 [main] INFO  org.testng.log4testng.Logger.info(Logger.java:112)oggger - [Utils] MethodGroupsHelper.sortMethods() took 0 ms.
18:44:11.508 [main] INFO  org.testng.log4testng.Logger.info(Logger.java:112)oggger - [Utils] MethodGroupsHelper.collectMethodsByGroup() took 1 ms.
18:44:11.508 [main] INFO  org.testng.log4testng.Logger.info(Logger.java:112)oggger - [Utils] MethodGroupsHelper.sortMethods() took 0 ms.
18:44:11.509 [main] INFO  org.testng.log4testng.Logger.info(Logger.java:112)oggger - [Utils] MethodGroupsHelper.collectMethodsByGroup() took 0 ms.
18:44:11.510 [main] INFO  org.testng.log4testng.Logger.info(Logger.java:112)oggger - [Utils] MethodGroupsHelper.sortMethods() took 0 ms.
18:44:11.510 [main] INFO  org.testng.log4testng.Logger.info(Logger.java:112)oggger - [Utils] MethodGroupsHelper.collectMethodsByGroup() took 0 ms.
18:44:11.510 [main] INFO  org.testng.log4testng.Logger.info(Logger.java:112)oggger - [Utils] MethodGroupsHelper.sortMethods() took 0 ms.
18:44:11.517 [main] INFO  org.testng.log4testng.Logger.info(Logger.java:112)oggger - [TestNG] Running:
  C:\Users\mayur.kotekar\AppData\Local\Temp\testng-eclipse--1485900306\testng-customsuite.xml

18:44:11.539 [main] INFO  org.testng.log4testng.Logger.info(Logger.java:112)oggger - [Utils] DynamicGraphHelper.createDynamicGraph() took 5 ms.
18:44:25.761 [main] INFO  org.testng.log4testng.Logger.info(Logger.java:112)oggger - [TestNG] Time taken by org.testng.reporters.jq.Main@5f80fa43: 221 ms
18:44:25.818 [main] INFO  org.testng.log4testng.Logger.info(Logger.java:112)oggger - [TestNG] Time taken by org.testng.reporters.FailedReporter@2679311f: 57 ms
18:44:25.849 [main] INFO  org.testng.log4testng.Logger.info(Logger.java:112)oggger - [TestNG] Time taken by org.testng.reporters.XMLReporter@1e6dad8: 31 ms
18:44:25.911 [main] INFO  org.testng.log4testng.Logger.info(Logger.java:112)oggger - [TestNG] Time taken by org.testng.reporters.EmailableReporter2@253b380a: 62 ms
18:44:25.944 [main] INFO  org.testng.log4testng.Logger.info(Logger.java:112)oggger - [TestNG] Time taken by org.testng.reporters.JUnitReportReporter@31e72cbc: 33 ms
18:44:25.944 [main] INFO  org.testng.log4testng.Logger.info(Logger.java:112)oggger - [TestNG] Time taken by org.testng.internal.ExitCodeListener@5fad41be: 0 ms
18:45:53.267 [main] DEBUG org.testng.log4testng.Logger.debug(Logger.java:82)oggger - suiteXmlPath: "C:\Users\MAYUR~1.KOT\AppData\Local\Temp\testng-eclipse-1559172700\testng-customsuite.xml"
18:45:53.491 [main] INFO  org.testng.log4testng.Logger.info(Logger.java:112)oggger - [Utils] MethodGroupsHelper.collectMethodsByGroup() took 0 ms.
18:45:53.493 [main] INFO  org.testng.log4testng.Logger.info(Logger.java:112)oggger - [Utils] MethodGroupsHelper.sortMethods() took 0 ms.
18:45:53.495 [main] INFO  org.testng.log4testng.Logger.info(Logger.java:112)oggger - [Utils] MethodGroupsHelper.collectMethodsByGroup() took 0 ms.
18:45:53.495 [main] INFO  org.testng.log4testng.Logger.info(Logger.java:112)oggger - [Utils] MethodGroupsHelper.sortMethods() took 0 ms.
18:45:53.495 [main] INFO  org.testng.log4testng.Logger.info(Logger.java:112)oggger - [Utils] MethodGroupsHelper.collectMethodsByGroup() took 0 ms.
18:45:53.495 [main] INFO  org.testng.log4testng.Logger.info(Logger.java:112)oggger - [Utils] MethodGroupsHelper.sortMethods() took 0 ms.
18:45:53.496 [main] INFO  org.testng.log4testng.Logger.info(Logger.java:112)oggger - [Utils] MethodGroupsHelper.collectMethodsByGroup() took 0 ms.
18:45:53.496 [main] INFO  org.testng.log4testng.Logger.info(Logger.java:112)oggger - [Utils] MethodGroupsHelper.sortMethods() took 0 ms.
18:45:53.500 [main] INFO  org.testng.log4testng.Logger.info(Logger.java:112)oggger - [Utils] MethodGroupsHelper.collectMethodsByGroup() took 2 ms.
18:45:53.509 [main] INFO  org.testng.log4testng.Logger.info(Logger.java:112)oggger - [Utils] MethodGroupsHelper.sortMethods() took 8 ms.
18:45:53.510 [main] INFO  org.testng.log4testng.Logger.info(Logger.java:112)oggger - [Utils] MethodGroupsHelper.collectMethodsByGroup() took 0 ms.
18:45:53.510 [main] INFO  org.testng.log4testng.Logger.info(Logger.java:112)oggger - [Utils] MethodGroupsHelper.sortMethods() took 0 ms.
18:45:53.510 [main] INFO  org.testng.log4testng.Logger.info(Logger.java:112)oggger - [Utils] MethodGroupsHelper.collectMethodsByGroup() took 0 ms.
18:45:53.511 [main] INFO  org.testng.log4testng.Logger.info(Logger.java:112)oggger - [Utils] MethodGroupsHelper.sortMethods() took 0 ms.
18:45:53.511 [main] INFO  org.testng.log4testng.Logger.info(Logger.java:112)oggger - [Utils] MethodGroupsHelper.collectMethodsByGroup() took 0 ms.
18:45:53.511 [main] INFO  org.testng.log4testng.Logger.info(Logger.java:112)oggger - [Utils] MethodGroupsHelper.sortMethods() took 0 ms.
18:45:53.513 [main] INFO  org.testng.log4testng.Logger.info(Logger.java:112)oggger - [Utils] MethodGroupsHelper.collectMethodsByGroup() took 0 ms.
18:45:53.513 [main] INFO  org.testng.log4testng.Logger.info(Logger.java:112)oggger - [Utils] MethodGroupsHelper.sortMethods() took 0 ms.
18:45:53.513 [main] INFO  org.testng.log4testng.Logger.info(Logger.java:112)oggger - [Utils] MethodGroupsHelper.collectMethodsByGroup() took 0 ms.
18:45:53.514 [main] INFO  org.testng.log4testng.Logger.info(Logger.java:112)oggger - [Utils] MethodGroupsHelper.sortMethods() took 0 ms.
18:45:53.516 [main] INFO  org.testng.log4testng.Logger.info(Logger.java:112)oggger - [Utils] MethodGroupsHelper.collectMethodsByGroup() took 0 ms.
18:45:53.516 [main] INFO  org.testng.log4testng.Logger.info(Logger.java:112)oggger - [Utils] MethodGroupsHelper.sortMethods() took 0 ms.
18:45:53.516 [main] INFO  org.testng.log4testng.Logger.info(Logger.java:112)oggger - [Utils] MethodGroupsHelper.collectMethodsByGroup() took 0 ms.
18:45:53.517 [main] INFO  org.testng.log4testng.Logger.info(Logger.java:112)oggger - [Utils] MethodGroupsHelper.sortMethods() took 0 ms.
18:45:53.518 [main] INFO  org.testng.log4testng.Logger.info(Logger.java:112)oggger - [Utils] MethodGroupsHelper.collectMethodsByGroup() took 0 ms.
18:45:53.519 [main] INFO  org.testng.log4testng.Logger.info(Logger.java:112)oggger - [Utils] MethodGroupsHelper.sortMethods() took 0 ms.
18:45:53.520 [main] INFO  org.testng.log4testng.Logger.info(Logger.java:112)oggger - [Utils] MethodGroupsHelper.collectMethodsByGroup() took 0 ms.
18:45:53.520 [main] INFO  org.testng.log4testng.Logger.info(Logger.java:112)oggger - [Utils] MethodGroupsHelper.sortMethods() took 0 ms.
18:45:53.520 [main] INFO  org.testng.log4testng.Logger.info(Logger.java:112)oggger - [Utils] MethodGroupsHelper.collectMethodsByGroup() took 0 ms.
18:45:53.520 [main] INFO  org.testng.log4testng.Logger.info(Logger.java:112)oggger - [Utils] MethodGroupsHelper.sortMethods() took 0 ms.
18:45:53.526 [main] INFO  org.testng.log4testng.Logger.info(Logger.java:112)oggger - [TestNG] Running:
  C:\Users\mayur.kotekar\AppData\Local\Temp\testng-eclipse-1559172700\testng-customsuite.xml

18:45:53.548 [main] INFO  org.testng.log4testng.Logger.info(Logger.java:112)oggger - [Utils] DynamicGraphHelper.createDynamicGraph() took 8 ms.
18:46:11.770 [main] INFO  org.testng.log4testng.Logger.info(Logger.java:112)oggger - [TestNG] Time taken by org.testng.reporters.jq.Main@2ce45a7b: 140 ms
18:46:11.812 [main] INFO  org.testng.log4testng.Logger.info(Logger.java:112)oggger - [TestNG] Time taken by org.testng.reporters.FailedReporter@6ae7deac: 41 ms
18:46:11.835 [main] INFO  org.testng.log4testng.Logger.info(Logger.java:112)oggger - [TestNG] Time taken by org.testng.reporters.XMLReporter@597f48df: 23 ms
18:46:11.863 [main] INFO  org.testng.log4testng.Logger.info(Logger.java:112)oggger - [TestNG] Time taken by org.testng.reporters.EmailableReporter2@421a4ee1: 28 ms
18:46:11.888 [main] INFO  org.testng.log4testng.Logger.info(Logger.java:112)oggger - [TestNG] Time taken by org.testng.reporters.JUnitReportReporter@5c748168: 25 ms
18:46:11.888 [main] INFO  org.testng.log4testng.Logger.info(Logger.java:112)oggger - [TestNG] Time taken by org.testng.internal.ExitCodeListener@6441c486: 0 ms
18:48:37.970 [main] DEBUG org.testng.log4testng.Logger.debug(Logger.java:82)oggger - suiteXmlPath: "C:\Users\MAYUR~1.KOT\AppData\Local\Temp\testng-eclipse--1882608715\testng-customsuite.xml"
18:48:38.216 [main] INFO  org.testng.log4testng.Logger.info(Logger.java:112)oggger - [Utils] MethodGroupsHelper.collectMethodsByGroup() took 0 ms.
18:48:38.218 [main] INFO  org.testng.log4testng.Logger.info(Logger.java:112)oggger - [Utils] MethodGroupsHelper.sortMethods() took 0 ms.
18:48:38.219 [main] INFO  org.testng.log4testng.Logger.info(Logger.java:112)oggger - [Utils] MethodGroupsHelper.collectMethodsByGroup() took 0 ms.
18:48:38.219 [main] INFO  org.testng.log4testng.Logger.info(Logger.java:112)oggger - [Utils] MethodGroupsHelper.sortMethods() took 0 ms.
18:48:38.219 [main] INFO  org.testng.log4testng.Logger.info(Logger.java:112)oggger - [Utils] MethodGroupsHelper.collectMethodsByGroup() took 0 ms.
18:48:38.220 [main] INFO  org.testng.log4testng.Logger.info(Logger.java:112)oggger - [Utils] MethodGroupsHelper.sortMethods() took 0 ms.
18:48:38.220 [main] INFO  org.testng.log4testng.Logger.info(Logger.java:112)oggger - [Utils] MethodGroupsHelper.collectMethodsByGroup() took 0 ms.
18:48:38.220 [main] INFO  org.testng.log4testng.Logger.info(Logger.java:112)oggger - [Utils] MethodGroupsHelper.sortMethods() took 0 ms.
18:48:38.226 [main] INFO  org.testng.log4testng.Logger.info(Logger.java:112)oggger - [Utils] MethodGroupsHelper.collectMethodsByGroup() took 2 ms.
18:48:38.233 [main] INFO  org.testng.log4testng.Logger.info(Logger.java:112)oggger - [Utils] MethodGroupsHelper.sortMethods() took 7 ms.
18:48:38.233 [main] INFO  org.testng.log4testng.Logger.info(Logger.java:112)oggger - [Utils] MethodGroupsHelper.collectMethodsByGroup() took 0 ms.
18:48:38.234 [main] INFO  org.testng.log4testng.Logger.info(Logger.java:112)oggger - [Utils] MethodGroupsHelper.sortMethods() took 0 ms.
18:48:38.234 [main] INFO  org.testng.log4testng.Logger.info(Logger.java:112)oggger - [Utils] MethodGroupsHelper.collectMethodsByGroup() took 0 ms.
18:48:38.234 [main] INFO  org.testng.log4testng.Logger.info(Logger.java:112)oggger - [Utils] MethodGroupsHelper.sortMethods() took 0 ms.
18:48:38.234 [main] INFO  org.testng.log4testng.Logger.info(Logger.java:112)oggger - [Utils] MethodGroupsHelper.collectMethodsByGroup() took 0 ms.
18:48:38.235 [main] INFO  org.testng.log4testng.Logger.info(Logger.java:112)oggger - [Utils] MethodGroupsHelper.sortMethods() took 0 ms.
18:48:38.236 [main] INFO  org.testng.log4testng.Logger.info(Logger.java:112)oggger - [Utils] MethodGroupsHelper.collectMethodsByGroup() took 0 ms.
18:48:38.236 [main] INFO  org.testng.log4testng.Logger.info(Logger.java:112)oggger - [Utils] MethodGroupsHelper.sortMethods() took 0 ms.
18:48:38.236 [main] INFO  org.testng.log4testng.Logger.info(Logger.java:112)oggger - [Utils] MethodGroupsHelper.collectMethodsByGroup() took 0 ms.
18:48:38.236 [main] INFO  org.testng.log4testng.Logger.info(Logger.java:112)oggger - [Utils] MethodGroupsHelper.sortMethods() took 0 ms.
18:48:38.239 [main] INFO  org.testng.log4testng.Logger.info(Logger.java:112)oggger - [Utils] MethodGroupsHelper.collectMethodsByGroup() took 0 ms.
18:48:38.239 [main] INFO  org.testng.log4testng.Logger.info(Logger.java:112)oggger - [Utils] MethodGroupsHelper.sortMethods() took 0 ms.
18:48:38.240 [main] INFO  org.testng.log4testng.Logger.info(Logger.java:112)oggger - [Utils] MethodGroupsHelper.collectMethodsByGroup() took 0 ms.
18:48:38.240 [main] INFO  org.testng.log4testng.Logger.info(Logger.java:112)oggger - [Utils] MethodGroupsHelper.sortMethods() took 0 ms.
18:48:38.242 [main] INFO  org.testng.log4testng.Logger.info(Logger.java:112)oggger - [Utils] MethodGroupsHelper.collectMethodsByGroup() took 0 ms.
18:48:38.243 [main] INFO  org.testng.log4testng.Logger.info(Logger.java:112)oggger - [Utils] MethodGroupsHelper.sortMethods() took 0 ms.
18:48:38.244 [main] INFO  org.testng.log4testng.Logger.info(Logger.java:112)oggger - [Utils] MethodGroupsHelper.collectMethodsByGroup() took 0 ms.
18:48:38.245 [main] INFO  org.testng.log4testng.Logger.info(Logger.java:112)oggger - [Utils] MethodGroupsHelper.sortMethods() took 0 ms.
18:48:38.245 [main] INFO  org.testng.log4testng.Logger.info(Logger.java:112)oggger - [Utils] MethodGroupsHelper.collectMethodsByGroup() took 0 ms.
18:48:38.245 [main] INFO  org.testng.log4testng.Logger.info(Logger.java:112)oggger - [Utils] MethodGroupsHelper.sortMethods() took 0 ms.
18:48:38.250 [main] INFO  org.testng.log4testng.Logger.info(Logger.java:112)oggger - [TestNG] Running:
  C:\Users\mayur.kotekar\AppData\Local\Temp\testng-eclipse--1882608715\testng-customsuite.xml

18:48:38.268 [main] INFO  org.testng.log4testng.Logger.info(Logger.java:112)oggger - [Utils] DynamicGraphHelper.createDynamicGraph() took 5 ms.
18:48:58.018 [main] INFO  org.testng.log4testng.Logger.info(Logger.java:112)oggger - [TestNG] Time taken by org.testng.reporters.jq.Main@7f829c76: 203 ms
18:48:58.058 [main] INFO  org.testng.log4testng.Logger.info(Logger.java:112)oggger - [TestNG] Time taken by org.testng.reporters.FailedReporter@3eee3e2b: 39 ms
18:48:58.091 [main] INFO  org.testng.log4testng.Logger.info(Logger.java:112)oggger - [TestNG] Time taken by org.testng.reporters.XMLReporter@7c4fc2bf: 25 ms
18:48:58.116 [main] INFO  org.testng.log4testng.Logger.info(Logger.java:112)oggger - [TestNG] Time taken by org.testng.reporters.EmailableReporter2@3047254d: 25 ms
18:48:58.140 [main] INFO  org.testng.log4testng.Logger.info(Logger.java:112)oggger - [TestNG] Time taken by org.testng.reporters.JUnitReportReporter@655523dd: 22 ms
18:48:58.141 [main] INFO  org.testng.log4testng.Logger.info(Logger.java:112)oggger - [TestNG] Time taken by org.testng.internal.ExitCodeListener@6f7e336b: 0 ms
18:49:39.117 [main] DEBUG org.testng.log4testng.Logger.debug(Logger.java:82)oggger - suiteXmlPath: "C:\Users\MAYUR~1.KOT\AppData\Local\Temp\testng-eclipse-862867491\testng-customsuite.xml"
18:49:39.449 [main] INFO  org.testng.log4testng.Logger.info(Logger.java:112)oggger - [Utils] MethodGroupsHelper.collectMethodsByGroup() took 6 ms.
18:49:39.452 [main] INFO  org.testng.log4testng.Logger.info(Logger.java:112)oggger - [Utils] MethodGroupsHelper.sortMethods() took 1 ms.
18:49:39.454 [main] INFO  org.testng.log4testng.Logger.info(Logger.java:112)oggger - [Utils] MethodGroupsHelper.collectMethodsByGroup() took 0 ms.
18:49:39.454 [main] INFO  org.testng.log4testng.Logger.info(Logger.java:112)oggger - [Utils] MethodGroupsHelper.sortMethods() took 0 ms.
18:49:39.456 [main] INFO  org.testng.log4testng.Logger.info(Logger.java:112)oggger - [Utils] MethodGroupsHelper.collectMethodsByGroup() took 0 ms.
18:49:39.456 [main] INFO  org.testng.log4testng.Logger.info(Logger.java:112)oggger - [Utils] MethodGroupsHelper.sortMethods() took 0 ms.
18:49:39.457 [main] INFO  org.testng.log4testng.Logger.info(Logger.java:112)oggger - [Utils] MethodGroupsHelper.collectMethodsByGroup() took 0 ms.
18:49:39.457 [main] INFO  org.testng.log4testng.Logger.info(Logger.java:112)oggger - [Utils] MethodGroupsHelper.sortMethods() took 0 ms.
18:49:39.462 [main] INFO  org.testng.log4testng.Logger.info(Logger.java:112)oggger - [Utils] MethodGroupsHelper.collectMethodsByGroup() took 3 ms.
18:49:39.470 [main] INFO  org.testng.log4testng.Logger.info(Logger.java:112)oggger - [Utils] MethodGroupsHelper.sortMethods() took 8 ms.
18:49:39.472 [main] INFO  org.testng.log4testng.Logger.info(Logger.java:112)oggger - [Utils] MethodGroupsHelper.collectMethodsByGroup() took 0 ms.
18:49:39.472 [main] INFO  org.testng.log4testng.Logger.info(Logger.java:112)oggger - [Utils] MethodGroupsHelper.sortMethods() took 0 ms.
18:49:39.473 [main] INFO  org.testng.log4testng.Logger.info(Logger.java:112)oggger - [Utils] MethodGroupsHelper.collectMethodsByGroup() took 0 ms.
18:49:39.474 [main] INFO  org.testng.log4testng.Logger.info(Logger.java:112)oggger - [Utils] MethodGroupsHelper.sortMethods() took 0 ms.
18:49:39.474 [main] INFO  org.testng.log4testng.Logger.info(Logger.java:112)oggger - [Utils] MethodGroupsHelper.collectMethodsByGroup() took 0 ms.
18:49:39.475 [main] INFO  org.testng.log4testng.Logger.info(Logger.java:112)oggger - [Utils] MethodGroupsHelper.sortMethods() took 0 ms.
18:49:39.476 [main] INFO  org.testng.log4testng.Logger.info(Logger.java:112)oggger - [Utils] MethodGroupsHelper.collectMethodsByGroup() took 0 ms.
18:49:39.477 [main] INFO  org.testng.log4testng.Logger.info(Logger.java:112)oggger - [Utils] MethodGroupsHelper.sortMethods() took 0 ms.
18:49:39.477 [main] INFO  org.testng.log4testng.Logger.info(Logger.java:112)oggger - [Utils] MethodGroupsHelper.collectMethodsByGroup() took 0 ms.
18:49:39.478 [main] INFO  org.testng.log4testng.Logger.info(Logger.java:112)oggger - [Utils] MethodGroupsHelper.sortMethods() took 0 ms.
18:49:39.481 [main] INFO  org.testng.log4testng.Logger.info(Logger.java:112)oggger - [Utils] MethodGroupsHelper.collectMethodsByGroup() took 0 ms.
18:49:39.481 [main] INFO  org.testng.log4testng.Logger.info(Logger.java:112)oggger - [Utils] MethodGroupsHelper.sortMethods() took 0 ms.
18:49:39.481 [main] INFO  org.testng.log4testng.Logger.info(Logger.java:112)oggger - [Utils] MethodGroupsHelper.collectMethodsByGroup() took 0 ms.
18:49:39.482 [main] INFO  org.testng.log4testng.Logger.info(Logger.java:112)oggger - [Utils] MethodGroupsHelper.sortMethods() took 0 ms.
18:49:39.483 [main] INFO  org.testng.log4testng.Logger.info(Logger.java:112)oggger - [Utils] MethodGroupsHelper.collectMethodsByGroup() took 1 ms.
18:49:39.484 [main] INFO  org.testng.log4testng.Logger.info(Logger.java:112)oggger - [Utils] MethodGroupsHelper.sortMethods() took 1 ms.
18:49:39.489 [main] INFO  org.testng.log4testng.Logger.info(Logger.java:112)oggger - [Utils] MethodGroupsHelper.collectMethodsByGroup() took 0 ms.
18:49:39.489 [main] INFO  org.testng.log4testng.Logger.info(Logger.java:112)oggger - [Utils] MethodGroupsHelper.sortMethods() took 0 ms.
18:49:39.489 [main] INFO  org.testng.log4testng.Logger.info(Logger.java:112)oggger - [Utils] MethodGroupsHelper.collectMethodsByGroup() took 0 ms.
18:49:39.490 [main] INFO  org.testng.log4testng.Logger.info(Logger.java:112)oggger - [Utils] MethodGroupsHelper.sortMethods() took 0 ms.
18:49:39.501 [main] INFO  org.testng.log4testng.Logger.info(Logger.java:112)oggger - [TestNG] Running:
  C:\Users\mayur.kotekar\AppData\Local\Temp\testng-eclipse-862867491\testng-customsuite.xml

18:49:39.535 [main] INFO  org.testng.log4testng.Logger.info(Logger.java:112)oggger - [Utils] DynamicGraphHelper.createDynamicGraph() took 6 ms.
18:49:59.199 [main] INFO  org.testng.log4testng.Logger.info(Logger.java:112)oggger - [TestNG] Time taken by org.testng.reporters.jq.Main@2d5f7182: 204 ms
18:49:59.211 [main] INFO  org.testng.log4testng.Logger.info(Logger.java:112)oggger - [TestNG] Time taken by org.testng.reporters.FailedReporter@2d2acd89: 8 ms
18:49:59.234 [main] INFO  org.testng.log4testng.Logger.info(Logger.java:112)oggger - [TestNG] Time taken by org.testng.reporters.XMLReporter@42f9c19a: 23 ms
18:49:59.259 [main] INFO  org.testng.log4testng.Logger.info(Logger.java:112)oggger - [TestNG] Time taken by org.testng.reporters.EmailableReporter2@5bca7664: 25 ms
18:49:59.277 [main] INFO  org.testng.log4testng.Logger.info(Logger.java:112)oggger - [TestNG] Time taken by org.testng.reporters.JUnitReportReporter@78830d9a: 18 ms
18:49:59.279 [main] INFO  org.testng.log4testng.Logger.info(Logger.java:112)oggger - [TestNG] Time taken by org.testng.internal.ExitCodeListener@5ce4369b: 2 ms
19:15:45.997 [main] DEBUG org.testng.log4testng.Logger.debug(Logger.java:82)oggger - suiteXmlPath: "C:\Users\MAYUR~1.KOT\AppData\Local\Temp\testng-eclipse--578737376\testng-customsuite.xml"
19:15:46.202 [main] INFO  org.testng.log4testng.Logger.info(Logger.java:112)oggger - [Utils] MethodGroupsHelper.collectMethodsByGroup() took 0 ms.
19:15:46.205 [main] INFO  org.testng.log4testng.Logger.info(Logger.java:112)oggger - [Utils] MethodGroupsHelper.sortMethods() took 0 ms.
19:15:46.206 [main] INFO  org.testng.log4testng.Logger.info(Logger.java:112)oggger - [Utils] MethodGroupsHelper.collectMethodsByGroup() took 0 ms.
19:15:46.206 [main] INFO  org.testng.log4testng.Logger.info(Logger.java:112)oggger - [Utils] MethodGroupsHelper.sortMethods() took 0 ms.
19:15:46.207 [main] INFO  org.testng.log4testng.Logger.info(Logger.java:112)oggger - [Utils] MethodGroupsHelper.collectMethodsByGroup() took 0 ms.
19:15:46.207 [main] INFO  org.testng.log4testng.Logger.info(Logger.java:112)oggger - [Utils] MethodGroupsHelper.sortMethods() took 0 ms.
19:15:46.207 [main] INFO  org.testng.log4testng.Logger.info(Logger.java:112)oggger - [Utils] MethodGroupsHelper.collectMethodsByGroup() took 0 ms.
19:15:46.207 [main] INFO  org.testng.log4testng.Logger.info(Logger.java:112)oggger - [Utils] MethodGroupsHelper.sortMethods() took 0 ms.
19:15:46.212 [main] INFO  org.testng.log4testng.Logger.info(Logger.java:112)oggger - [Utils] MethodGroupsHelper.collectMethodsByGroup() took 2 ms.
19:15:46.223 [main] INFO  org.testng.log4testng.Logger.info(Logger.java:112)oggger - [Utils] MethodGroupsHelper.sortMethods() took 9 ms.
19:15:46.223 [main] INFO  org.testng.log4testng.Logger.info(Logger.java:112)oggger - [Utils] MethodGroupsHelper.collectMethodsByGroup() took 0 ms.
19:15:46.224 [main] INFO  org.testng.log4testng.Logger.info(Logger.java:112)oggger - [Utils] MethodGroupsHelper.sortMethods() took 0 ms.
19:15:46.224 [main] INFO  org.testng.log4testng.Logger.info(Logger.java:112)oggger - [Utils] MethodGroupsHelper.collectMethodsByGroup() took 0 ms.
19:15:46.224 [main] INFO  org.testng.log4testng.Logger.info(Logger.java:112)oggger - [Utils] MethodGroupsHelper.sortMethods() took 0 ms.
19:15:46.224 [main] INFO  org.testng.log4testng.Logger.info(Logger.java:112)oggger - [Utils] MethodGroupsHelper.collectMethodsByGroup() took 0 ms.
19:15:46.225 [main] INFO  org.testng.log4testng.Logger.info(Logger.java:112)oggger - [Utils] MethodGroupsHelper.sortMethods() took 0 ms.
19:15:46.225 [main] INFO  org.testng.log4testng.Logger.info(Logger.java:112)oggger - [Utils] MethodGroupsHelper.collectMethodsByGroup() took 0 ms.
19:15:46.226 [main] INFO  org.testng.log4testng.Logger.info(Logger.java:112)oggger - [Utils] MethodGroupsHelper.sortMethods() took 0 ms.
19:15:46.226 [main] INFO  org.testng.log4testng.Logger.info(Logger.java:112)oggger - [Utils] MethodGroupsHelper.collectMethodsByGroup() took 0 ms.
19:15:46.226 [main] INFO  org.testng.log4testng.Logger.info(Logger.java:112)oggger - [Utils] MethodGroupsHelper.sortMethods() took 0 ms.
19:15:46.228 [main] INFO  org.testng.log4testng.Logger.info(Logger.java:112)oggger - [Utils] MethodGroupsHelper.collectMethodsByGroup() took 0 ms.
19:15:46.228 [main] INFO  org.testng.log4testng.Logger.info(Logger.java:112)oggger - [Utils] MethodGroupsHelper.sortMethods() took 0 ms.
19:15:46.229 [main] INFO  org.testng.log4testng.Logger.info(Logger.java:112)oggger - [Utils] MethodGroupsHelper.collectMethodsByGroup() took 0 ms.
19:15:46.229 [main] INFO  org.testng.log4testng.Logger.info(Logger.java:112)oggger - [Utils] MethodGroupsHelper.sortMethods() took 0 ms.
19:15:46.230 [main] INFO  org.testng.log4testng.Logger.info(Logger.java:112)oggger - [Utils] MethodGroupsHelper.collectMethodsByGroup() took 0 ms.
19:15:46.231 [main] INFO  org.testng.log4testng.Logger.info(Logger.java:112)oggger - [Utils] MethodGroupsHelper.sortMethods() took 0 ms.
19:15:46.232 [main] INFO  org.testng.log4testng.Logger.info(Logger.java:112)oggger - [Utils] MethodGroupsHelper.collectMethodsByGroup() took 0 ms.
19:15:46.232 [main] INFO  org.testng.log4testng.Logger.info(Logger.java:112)oggger - [Utils] MethodGroupsHelper.sortMethods() took 0 ms.
19:15:46.232 [main] INFO  org.testng.log4testng.Logger.info(Logger.java:112)oggger - [Utils] MethodGroupsHelper.collectMethodsByGroup() took 0 ms.
19:15:46.232 [main] INFO  org.testng.log4testng.Logger.info(Logger.java:112)oggger - [Utils] MethodGroupsHelper.sortMethods() took 0 ms.
19:15:46.241 [main] INFO  org.testng.log4testng.Logger.info(Logger.java:112)oggger - [TestNG] Running:
  C:\Users\mayur.kotekar\AppData\Local\Temp\testng-eclipse--578737376\testng-customsuite.xml

19:15:46.260 [main] INFO  org.testng.log4testng.Logger.info(Logger.java:112)oggger - [Utils] DynamicGraphHelper.createDynamicGraph() took 3 ms.
19:16:06.589 [main] INFO  org.testng.log4testng.Logger.info(Logger.java:112)oggger - [TestNG] Time taken by org.testng.reporters.jq.Main@834831b: 117 ms
19:16:06.622 [main] INFO  org.testng.log4testng.Logger.info(Logger.java:112)oggger - [TestNG] Time taken by org.testng.reporters.FailedReporter@63fdffcd: 33 ms
19:16:06.637 [main] INFO  org.testng.log4testng.Logger.info(Logger.java:112)oggger - [TestNG] Time taken by org.testng.reporters.XMLReporter@16ade133: 15 ms
19:16:06.649 [main] INFO  org.testng.log4testng.Logger.info(Logger.java:112)oggger - [TestNG] Time taken by org.testng.reporters.EmailableReporter2@640dc4c6: 12 ms
19:16:06.671 [main] INFO  org.testng.log4testng.Logger.info(Logger.java:112)oggger - [TestNG] Time taken by org.testng.reporters.JUnitReportReporter@6411d3c8: 22 ms
19:16:06.672 [main] INFO  org.testng.log4testng.Logger.info(Logger.java:112)oggger - [TestNG] Time taken by org.testng.internal.ExitCodeListener@2116b68b: 0 ms
19:16:55.578 [main] DEBUG org.testng.log4testng.Logger.debug(Logger.java:82)oggger - suiteXmlPath: "C:\Users\MAYUR~1.KOT\AppData\Local\Temp\testng-eclipse-466918190\testng-customsuite.xml"
19:16:55.782 [main] INFO  org.testng.log4testng.Logger.info(Logger.java:112)oggger - [Utils] MethodGroupsHelper.collectMethodsByGroup() took 1 ms.
19:16:55.785 [main] INFO  org.testng.log4testng.Logger.info(Logger.java:112)oggger - [Utils] MethodGroupsHelper.sortMethods() took 2 ms.
19:16:55.787 [main] INFO  org.testng.log4testng.Logger.info(Logger.java:112)oggger - [Utils] MethodGroupsHelper.collectMethodsByGroup() took 0 ms.
19:16:55.787 [main] INFO  org.testng.log4testng.Logger.info(Logger.java:112)oggger - [Utils] MethodGroupsHelper.sortMethods() took 0 ms.
19:16:55.787 [main] INFO  org.testng.log4testng.Logger.info(Logger.java:112)oggger - [Utils] MethodGroupsHelper.collectMethodsByGroup() took 0 ms.
19:16:55.787 [main] INFO  org.testng.log4testng.Logger.info(Logger.java:112)oggger - [Utils] MethodGroupsHelper.sortMethods() took 0 ms.
19:16:55.788 [main] INFO  org.testng.log4testng.Logger.info(Logger.java:112)oggger - [Utils] MethodGroupsHelper.collectMethodsByGroup() took 0 ms.
19:16:55.788 [main] INFO  org.testng.log4testng.Logger.info(Logger.java:112)oggger - [Utils] MethodGroupsHelper.sortMethods() took 0 ms.
19:16:55.791 [main] INFO  org.testng.log4testng.Logger.info(Logger.java:112)oggger - [Utils] MethodGroupsHelper.collectMethodsByGroup() took 1 ms.
19:16:55.799 [main] INFO  org.testng.log4testng.Logger.info(Logger.java:112)oggger - [Utils] MethodGroupsHelper.sortMethods() took 6 ms.
19:16:55.799 [main] INFO  org.testng.log4testng.Logger.info(Logger.java:112)oggger - [Utils] MethodGroupsHelper.collectMethodsByGroup() took 0 ms.
19:16:55.800 [main] INFO  org.testng.log4testng.Logger.info(Logger.java:112)oggger - [Utils] MethodGroupsHelper.sortMethods() took 0 ms.
19:16:55.800 [main] INFO  org.testng.log4testng.Logger.info(Logger.java:112)oggger - [Utils] MethodGroupsHelper.collectMethodsByGroup() took 0 ms.
19:16:55.800 [main] INFO  org.testng.log4testng.Logger.info(Logger.java:112)oggger - [Utils] MethodGroupsHelper.sortMethods() took 0 ms.
19:16:55.800 [main] INFO  org.testng.log4testng.Logger.info(Logger.java:112)oggger - [Utils] MethodGroupsHelper.collectMethodsByGroup() took 0 ms.
19:16:55.800 [main] INFO  org.testng.log4testng.Logger.info(Logger.java:112)oggger - [Utils] MethodGroupsHelper.sortMethods() took 0 ms.
19:16:55.802 [main] INFO  org.testng.log4testng.Logger.info(Logger.java:112)oggger - [Utils] MethodGroupsHelper.collectMethodsByGroup() took 0 ms.
19:16:55.802 [main] INFO  org.testng.log4testng.Logger.info(Logger.java:112)oggger - [Utils] MethodGroupsHelper.sortMethods() took 0 ms.
19:16:55.803 [main] INFO  org.testng.log4testng.Logger.info(Logger.java:112)oggger - [Utils] MethodGroupsHelper.collectMethodsByGroup() took 0 ms.
19:16:55.803 [main] INFO  org.testng.log4testng.Logger.info(Logger.java:112)oggger - [Utils] MethodGroupsHelper.sortMethods() took 0 ms.
19:16:55.811 [main] INFO  org.testng.log4testng.Logger.info(Logger.java:112)oggger - [Utils] MethodGroupsHelper.collectMethodsByGroup() took 0 ms.
19:16:55.812 [main] INFO  org.testng.log4testng.Logger.info(Logger.java:112)oggger - [Utils] MethodGroupsHelper.sortMethods() took 0 ms.
19:16:55.812 [main] INFO  org.testng.log4testng.Logger.info(Logger.java:112)oggger - [Utils] MethodGroupsHelper.collectMethodsByGroup() took 0 ms.
19:16:55.812 [main] INFO  org.testng.log4testng.Logger.info(Logger.java:112)oggger - [Utils] MethodGroupsHelper.sortMethods() took 0 ms.
19:16:55.813 [main] INFO  org.testng.log4testng.Logger.info(Logger.java:112)oggger - [Utils] MethodGroupsHelper.collectMethodsByGroup() took 1 ms.
19:16:55.813 [main] INFO  org.testng.log4testng.Logger.info(Logger.java:112)oggger - [Utils] MethodGroupsHelper.sortMethods() took 0 ms.
19:16:55.814 [main] INFO  org.testng.log4testng.Logger.info(Logger.java:112)oggger - [Utils] MethodGroupsHelper.collectMethodsByGroup() took 0 ms.
19:16:55.814 [main] INFO  org.testng.log4testng.Logger.info(Logger.java:112)oggger - [Utils] MethodGroupsHelper.sortMethods() took 0 ms.
19:16:55.814 [main] INFO  org.testng.log4testng.Logger.info(Logger.java:112)oggger - [Utils] MethodGroupsHelper.collectMethodsByGroup() took 0 ms.
19:16:55.815 [main] INFO  org.testng.log4testng.Logger.info(Logger.java:112)oggger - [Utils] MethodGroupsHelper.sortMethods() took 0 ms.
19:16:55.821 [main] INFO  org.testng.log4testng.Logger.info(Logger.java:112)oggger - [TestNG] Running:
  C:\Users\mayur.kotekar\AppData\Local\Temp\testng-eclipse-466918190\testng-customsuite.xml

19:16:55.838 [main] INFO  org.testng.log4testng.Logger.info(Logger.java:112)oggger - [Utils] DynamicGraphHelper.createDynamicGraph() took 5 ms.
19:17:15.051 [main] INFO  org.testng.log4testng.Logger.info(Logger.java:112)oggger - [TestNG] Time taken by org.testng.reporters.jq.Main@63fdffcd: 140 ms
19:17:15.060 [main] INFO  org.testng.log4testng.Logger.info(Logger.java:112)oggger - [TestNG] Time taken by org.testng.reporters.FailedReporter@4a68135e: 9 ms
19:17:15.071 [main] INFO  org.testng.log4testng.Logger.info(Logger.java:112)oggger - [TestNG] Time taken by org.testng.reporters.XMLReporter@16ade133: 11 ms
19:17:15.071 [main] INFO  org.testng.log4testng.Logger.info(Logger.java:112)oggger - [TestNG] Time taken by org.testng.reporters.EmailableReporter2@640dc4c6: 0 ms
19:17:15.084 [main] INFO  org.testng.log4testng.Logger.info(Logger.java:112)oggger - [TestNG] Time taken by org.testng.reporters.JUnitReportReporter@6411d3c8: 3 ms
19:17:15.084 [main] INFO  org.testng.log4testng.Logger.info(Logger.java:112)oggger - [TestNG] Time taken by org.testng.internal.ExitCodeListener@2116b68b: 0 ms
19:18:16.576 [main] DEBUG org.testng.log4testng.Logger.debug(Logger.java:82)oggger - suiteXmlPath: "C:\Users\MAYUR~1.KOT\AppData\Local\Temp\testng-eclipse-1018971565\testng-customsuite.xml"
19:18:16.861 [main] INFO  org.testng.log4testng.Logger.info(Logger.java:112)oggger - [Utils] MethodGroupsHelper.collectMethodsByGroup() took 1 ms.
19:18:16.867 [main] INFO  org.testng.log4testng.Logger.info(Logger.java:112)oggger - [Utils] MethodGroupsHelper.sortMethods() took 3 ms.
19:18:16.869 [main] INFO  org.testng.log4testng.Logger.info(Logger.java:112)oggger - [Utils] MethodGroupsHelper.collectMethodsByGroup() took 0 ms.
19:18:16.869 [main] INFO  org.testng.log4testng.Logger.info(Logger.java:112)oggger - [Utils] MethodGroupsHelper.sortMethods() took 0 ms.
19:18:16.871 [main] INFO  org.testng.log4testng.Logger.info(Logger.java:112)oggger - [Utils] MethodGroupsHelper.collectMethodsByGroup() took 0 ms.
19:18:16.871 [main] INFO  org.testng.log4testng.Logger.info(Logger.java:112)oggger - [Utils] MethodGroupsHelper.sortMethods() took 0 ms.
19:18:16.872 [main] INFO  org.testng.log4testng.Logger.info(Logger.java:112)oggger - [Utils] MethodGroupsHelper.collectMethodsByGroup() took 0 ms.
19:18:16.873 [main] INFO  org.testng.log4testng.Logger.info(Logger.java:112)oggger - [Utils] MethodGroupsHelper.sortMethods() took 0 ms.
19:18:16.878 [main] INFO  org.testng.log4testng.Logger.info(Logger.java:112)oggger - [Utils] MethodGroupsHelper.collectMethodsByGroup() took 2 ms.
19:18:16.890 [main] INFO  org.testng.log4testng.Logger.info(Logger.java:112)oggger - [Utils] MethodGroupsHelper.sortMethods() took 11 ms.
19:18:16.891 [main] INFO  org.testng.log4testng.Logger.info(Logger.java:112)oggger - [Utils] MethodGroupsHelper.collectMethodsByGroup() took 0 ms.
19:18:16.892 [main] INFO  org.testng.log4testng.Logger.info(Logger.java:112)oggger - [Utils] MethodGroupsHelper.sortMethods() took 0 ms.
19:18:16.892 [main] INFO  org.testng.log4testng.Logger.info(Logger.java:112)oggger - [Utils] MethodGroupsHelper.collectMethodsByGroup() took 0 ms.
19:18:16.892 [main] INFO  org.testng.log4testng.Logger.info(Logger.java:112)oggger - [Utils] MethodGroupsHelper.sortMethods() took 0 ms.
19:18:16.893 [main] INFO  org.testng.log4testng.Logger.info(Logger.java:112)oggger - [Utils] MethodGroupsHelper.collectMethodsByGroup() took 0 ms.
19:18:16.893 [main] INFO  org.testng.log4testng.Logger.info(Logger.java:112)oggger - [Utils] MethodGroupsHelper.sortMethods() took 0 ms.
19:18:16.894 [main] INFO  org.testng.log4testng.Logger.info(Logger.java:112)oggger - [Utils] MethodGroupsHelper.collectMethodsByGroup() took 0 ms.
19:18:16.894 [main] INFO  org.testng.log4testng.Logger.info(Logger.java:112)oggger - [Utils] MethodGroupsHelper.sortMethods() took 0 ms.
19:18:16.895 [main] INFO  org.testng.log4testng.Logger.info(Logger.java:112)oggger - [Utils] MethodGroupsHelper.collectMethodsByGroup() took 0 ms.
19:18:16.895 [main] INFO  org.testng.log4testng.Logger.info(Logger.java:112)oggger - [Utils] MethodGroupsHelper.sortMethods() took 0 ms.
19:18:16.900 [main] INFO  org.testng.log4testng.Logger.info(Logger.java:112)oggger - [Utils] MethodGroupsHelper.collectMethodsByGroup() took 0 ms.
19:18:16.900 [main] INFO  org.testng.log4testng.Logger.info(Logger.java:112)oggger - [Utils] MethodGroupsHelper.sortMethods() took 0 ms.
19:18:16.901 [main] INFO  org.testng.log4testng.Logger.info(Logger.java:112)oggger - [Utils] MethodGroupsHelper.collectMethodsByGroup() took 0 ms.
19:18:16.901 [main] INFO  org.testng.log4testng.Logger.info(Logger.java:112)oggger - [Utils] MethodGroupsHelper.sortMethods() took 0 ms.
19:18:16.903 [main] INFO  org.testng.log4testng.Logger.info(Logger.java:112)oggger - [Utils] MethodGroupsHelper.collectMethodsByGroup() took 0 ms.
19:18:16.904 [main] INFO  org.testng.log4testng.Logger.info(Logger.java:112)oggger - [Utils] MethodGroupsHelper.sortMethods() took 0 ms.
19:18:16.906 [main] INFO  org.testng.log4testng.Logger.info(Logger.java:112)oggger - [Utils] MethodGroupsHelper.collectMethodsByGroup() took 0 ms.
19:18:16.906 [main] INFO  org.testng.log4testng.Logger.info(Logger.java:112)oggger - [Utils] MethodGroupsHelper.sortMethods() took 0 ms.
19:18:16.906 [main] INFO  org.testng.log4testng.Logger.info(Logger.java:112)oggger - [Utils] MethodGroupsHelper.collectMethodsByGroup() took 0 ms.
19:18:16.906 [main] INFO  org.testng.log4testng.Logger.info(Logger.java:112)oggger - [Utils] MethodGroupsHelper.sortMethods() took 0 ms.
19:18:16.918 [main] INFO  org.testng.log4testng.Logger.info(Logger.java:112)oggger - [TestNG] Running:
  C:\Users\mayur.kotekar\AppData\Local\Temp\testng-eclipse-1018971565\testng-customsuite.xml

19:18:16.942 [main] INFO  org.testng.log4testng.Logger.info(Logger.java:112)oggger - [Utils] DynamicGraphHelper.createDynamicGraph() took 6 ms.
19:18:35.975 [main] INFO  org.testng.log4testng.Logger.info(Logger.java:112)oggger - [TestNG] Time taken by org.testng.reporters.jq.Main@63fdffcd: 148 ms
19:18:35.978 [main] INFO  org.testng.log4testng.Logger.info(Logger.java:112)oggger - [TestNG] Time taken by org.testng.reporters.FailedReporter@4a68135e: 3 ms
19:18:35.990 [main] INFO  org.testng.log4testng.Logger.info(Logger.java:112)oggger - [TestNG] Time taken by org.testng.reporters.XMLReporter@16ade133: 11 ms
19:18:35.992 [main] INFO  org.testng.log4testng.Logger.info(Logger.java:112)oggger - [TestNG] Time taken by org.testng.reporters.EmailableReporter2@640dc4c6: 2 ms
19:18:36.010 [main] INFO  org.testng.log4testng.Logger.info(Logger.java:112)oggger - [TestNG] Time taken by org.testng.reporters.JUnitReportReporter@6411d3c8: 18 ms
19:18:36.012 [main] INFO  org.testng.log4testng.Logger.info(Logger.java:112)oggger - [TestNG] Time taken by org.testng.internal.ExitCodeListener@2116b68b: 0 ms
19:19:10.313 [main] DEBUG org.testng.log4testng.Logger.debug(Logger.java:82)oggger - suiteXmlPath: "C:\Users\MAYUR~1.KOT\AppData\Local\Temp\testng-eclipse--116391268\testng-customsuite.xml"
19:19:10.535 [main] INFO  org.testng.log4testng.Logger.info(Logger.java:112)oggger - [Utils] MethodGroupsHelper.collectMethodsByGroup() took 1 ms.
19:19:10.537 [main] INFO  org.testng.log4testng.Logger.info(Logger.java:112)oggger - [Utils] MethodGroupsHelper.sortMethods() took 1 ms.
19:19:10.538 [main] INFO  org.testng.log4testng.Logger.info(Logger.java:112)oggger - [Utils] MethodGroupsHelper.collectMethodsByGroup() took 0 ms.
19:19:10.538 [main] INFO  org.testng.log4testng.Logger.info(Logger.java:112)oggger - [Utils] MethodGroupsHelper.sortMethods() took 0 ms.
19:19:10.539 [main] INFO  org.testng.log4testng.Logger.info(Logger.java:112)oggger - [Utils] MethodGroupsHelper.collectMethodsByGroup() took 0 ms.
19:19:10.539 [main] INFO  org.testng.log4testng.Logger.info(Logger.java:112)oggger - [Utils] MethodGroupsHelper.sortMethods() took 0 ms.
19:19:10.539 [main] INFO  org.testng.log4testng.Logger.info(Logger.java:112)oggger - [Utils] MethodGroupsHelper.collectMethodsByGroup() took 0 ms.
19:19:10.539 [main] INFO  org.testng.log4testng.Logger.info(Logger.java:112)oggger - [Utils] MethodGroupsHelper.sortMethods() took 0 ms.
19:19:10.543 [main] INFO  org.testng.log4testng.Logger.info(Logger.java:112)oggger - [Utils] MethodGroupsHelper.collectMethodsByGroup() took 2 ms.
19:19:10.555 [main] INFO  org.testng.log4testng.Logger.info(Logger.java:112)oggger - [Utils] MethodGroupsHelper.sortMethods() took 10 ms.
19:19:10.556 [main] INFO  org.testng.log4testng.Logger.info(Logger.java:112)oggger - [Utils] MethodGroupsHelper.collectMethodsByGroup() took 0 ms.
19:19:10.556 [main] INFO  org.testng.log4testng.Logger.info(Logger.java:112)oggger - [Utils] MethodGroupsHelper.sortMethods() took 0 ms.
19:19:10.557 [main] INFO  org.testng.log4testng.Logger.info(Logger.java:112)oggger - [Utils] MethodGroupsHelper.collectMethodsByGroup() took 0 ms.
19:19:10.557 [main] INFO  org.testng.log4testng.Logger.info(Logger.java:112)oggger - [Utils] MethodGroupsHelper.sortMethods() took 0 ms.
19:19:10.557 [main] INFO  org.testng.log4testng.Logger.info(Logger.java:112)oggger - [Utils] MethodGroupsHelper.collectMethodsByGroup() took 0 ms.
19:19:10.558 [main] INFO  org.testng.log4testng.Logger.info(Logger.java:112)oggger - [Utils] MethodGroupsHelper.sortMethods() took 0 ms.
19:19:10.559 [main] INFO  org.testng.log4testng.Logger.info(Logger.java:112)oggger - [Utils] MethodGroupsHelper.collectMethodsByGroup() took 0 ms.
19:19:10.559 [main] INFO  org.testng.log4testng.Logger.info(Logger.java:112)oggger - [Utils] MethodGroupsHelper.sortMethods() took 0 ms.
19:19:10.560 [main] INFO  org.testng.log4testng.Logger.info(Logger.java:112)oggger - [Utils] MethodGroupsHelper.collectMethodsByGroup() took 0 ms.
19:19:10.560 [main] INFO  org.testng.log4testng.Logger.info(Logger.java:112)oggger - [Utils] MethodGroupsHelper.sortMethods() took 0 ms.
19:19:10.564 [main] INFO  org.testng.log4testng.Logger.info(Logger.java:112)oggger - [Utils] MethodGroupsHelper.collectMethodsByGroup() took 0 ms.
19:19:10.564 [main] INFO  org.testng.log4testng.Logger.info(Logger.java:112)oggger - [Utils] MethodGroupsHelper.sortMethods() took 0 ms.
19:19:10.564 [main] INFO  org.testng.log4testng.Logger.info(Logger.java:112)oggger - [Utils] MethodGroupsHelper.collectMethodsByGroup() took 0 ms.
19:19:10.565 [main] INFO  org.testng.log4testng.Logger.info(Logger.java:112)oggger - [Utils] MethodGroupsHelper.sortMethods() took 0 ms.
19:19:10.566 [main] INFO  org.testng.log4testng.Logger.info(Logger.java:112)oggger - [Utils] MethodGroupsHelper.collectMethodsByGroup() took 0 ms.
19:19:10.567 [main] INFO  org.testng.log4testng.Logger.info(Logger.java:112)oggger - [Utils] MethodGroupsHelper.sortMethods() took 0 ms.
19:19:10.568 [main] INFO  org.testng.log4testng.Logger.info(Logger.java:112)oggger - [Utils] MethodGroupsHelper.collectMethodsByGroup() took 0 ms.
19:19:10.569 [main] INFO  org.testng.log4testng.Logger.info(Logger.java:112)oggger - [Utils] MethodGroupsHelper.sortMethods() took 0 ms.
19:19:10.569 [main] INFO  org.testng.log4testng.Logger.info(Logger.java:112)oggger - [Utils] MethodGroupsHelper.collectMethodsByGroup() took 0 ms.
19:19:10.569 [main] INFO  org.testng.log4testng.Logger.info(Logger.java:112)oggger - [Utils] MethodGroupsHelper.sortMethods() took 0 ms.
19:19:10.575 [main] INFO  org.testng.log4testng.Logger.info(Logger.java:112)oggger - [TestNG] Running:
  C:\Users\mayur.kotekar\AppData\Local\Temp\testng-eclipse--116391268\testng-customsuite.xml

19:19:10.592 [main] INFO  org.testng.log4testng.Logger.info(Logger.java:112)oggger - [Utils] DynamicGraphHelper.createDynamicGraph() took 2 ms.
19:19:29.674 [main] INFO  org.testng.log4testng.Logger.info(Logger.java:112)oggger - [TestNG] Time taken by org.testng.reporters.jq.Main@63fdffcd: 97 ms
19:19:29.678 [main] INFO  org.testng.log4testng.Logger.info(Logger.java:112)oggger - [TestNG] Time taken by org.testng.reporters.FailedReporter@4a68135e: 4 ms
19:19:29.690 [main] INFO  org.testng.log4testng.Logger.info(Logger.java:112)oggger - [TestNG] Time taken by org.testng.reporters.XMLReporter@16ade133: 9 ms
19:19:29.698 [main] INFO  org.testng.log4testng.Logger.info(Logger.java:112)oggger - [TestNG] Time taken by org.testng.reporters.EmailableReporter2@640dc4c6: 8 ms
19:19:29.708 [main] INFO  org.testng.log4testng.Logger.info(Logger.java:112)oggger - [TestNG] Time taken by org.testng.reporters.JUnitReportReporter@6411d3c8: 10 ms
19:19:29.708 [main] INFO  org.testng.log4testng.Logger.info(Logger.java:112)oggger - [TestNG] Time taken by org.testng.internal.ExitCodeListener@2116b68b: 0 ms
19:21:59.870 [main] DEBUG org.testng.log4testng.Logger.debug(Logger.java:82)oggger - suiteXmlPath: "C:\Users\MAYUR~1.KOT\AppData\Local\Temp\testng-eclipse--1128217934\testng-customsuite.xml"
19:22:00.113 [main] INFO  org.testng.log4testng.Logger.info(Logger.java:112)oggger - [Utils] MethodGroupsHelper.collectMethodsByGroup() took 0 ms.
19:22:00.117 [main] INFO  org.testng.log4testng.Logger.info(Logger.java:112)oggger - [Utils] MethodGroupsHelper.sortMethods() took 1 ms.
19:22:00.118 [main] INFO  org.testng.log4testng.Logger.info(Logger.java:112)oggger - [Utils] MethodGroupsHelper.collectMethodsByGroup() took 0 ms.
19:22:00.118 [main] INFO  org.testng.log4testng.Logger.info(Logger.java:112)oggger - [Utils] MethodGroupsHelper.sortMethods() took 0 ms.
19:22:00.119 [main] INFO  org.testng.log4testng.Logger.info(Logger.java:112)oggger - [Utils] MethodGroupsHelper.collectMethodsByGroup() took 0 ms.
19:22:00.119 [main] INFO  org.testng.log4testng.Logger.info(Logger.java:112)oggger - [Utils] MethodGroupsHelper.sortMethods() took 0 ms.
19:22:00.119 [main] INFO  org.testng.log4testng.Logger.info(Logger.java:112)oggger - [Utils] MethodGroupsHelper.collectMethodsByGroup() took 0 ms.
19:22:00.120 [main] INFO  org.testng.log4testng.Logger.info(Logger.java:112)oggger - [Utils] MethodGroupsHelper.sortMethods() took 0 ms.
19:22:00.124 [main] INFO  org.testng.log4testng.Logger.info(Logger.java:112)oggger - [Utils] MethodGroupsHelper.collectMethodsByGroup() took 3 ms.
19:22:00.133 [main] INFO  org.testng.log4testng.Logger.info(Logger.java:112)oggger - [Utils] MethodGroupsHelper.sortMethods() took 9 ms.
19:22:00.134 [main] INFO  org.testng.log4testng.Logger.info(Logger.java:112)oggger - [Utils] MethodGroupsHelper.collectMethodsByGroup() took 0 ms.
19:22:00.135 [main] INFO  org.testng.log4testng.Logger.info(Logger.java:112)oggger - [Utils] MethodGroupsHelper.sortMethods() took 0 ms.
19:22:00.135 [main] INFO  org.testng.log4testng.Logger.info(Logger.java:112)oggger - [Utils] MethodGroupsHelper.collectMethodsByGroup() took 0 ms.
19:22:00.135 [main] INFO  org.testng.log4testng.Logger.info(Logger.java:112)oggger - [Utils] MethodGroupsHelper.sortMethods() took 0 ms.
19:22:00.136 [main] INFO  org.testng.log4testng.Logger.info(Logger.java:112)oggger - [Utils] MethodGroupsHelper.collectMethodsByGroup() took 0 ms.
19:22:00.136 [main] INFO  org.testng.log4testng.Logger.info(Logger.java:112)oggger - [Utils] MethodGroupsHelper.sortMethods() took 0 ms.
19:22:00.137 [main] INFO  org.testng.log4testng.Logger.info(Logger.java:112)oggger - [Utils] MethodGroupsHelper.collectMethodsByGroup() took 0 ms.
19:22:00.137 [main] INFO  org.testng.log4testng.Logger.info(Logger.java:112)oggger - [Utils] MethodGroupsHelper.sortMethods() took 0 ms.
19:22:00.138 [main] INFO  org.testng.log4testng.Logger.info(Logger.java:112)oggger - [Utils] MethodGroupsHelper.collectMethodsByGroup() took 0 ms.
19:22:00.138 [main] INFO  org.testng.log4testng.Logger.info(Logger.java:112)oggger - [Utils] MethodGroupsHelper.sortMethods() took 0 ms.
19:22:00.140 [main] INFO  org.testng.log4testng.Logger.info(Logger.java:112)oggger - [Utils] MethodGroupsHelper.collectMethodsByGroup() took 0 ms.
19:22:00.141 [main] INFO  org.testng.log4testng.Logger.info(Logger.java:112)oggger - [Utils] MethodGroupsHelper.sortMethods() took 0 ms.
19:22:00.141 [main] INFO  org.testng.log4testng.Logger.info(Logger.java:112)oggger - [Utils] MethodGroupsHelper.collectMethodsByGroup() took 0 ms.
19:22:00.141 [main] INFO  org.testng.log4testng.Logger.info(Logger.java:112)oggger - [Utils] MethodGroupsHelper.sortMethods() took 0 ms.
19:22:00.143 [main] INFO  org.testng.log4testng.Logger.info(Logger.java:112)oggger - [Utils] MethodGroupsHelper.collectMethodsByGroup() took 0 ms.
19:22:00.144 [main] INFO  org.testng.log4testng.Logger.info(Logger.java:112)oggger - [Utils] MethodGroupsHelper.sortMethods() took 0 ms.
19:22:00.145 [main] INFO  org.testng.log4testng.Logger.info(Logger.java:112)oggger - [Utils] MethodGroupsHelper.collectMethodsByGroup() took 0 ms.
19:22:00.145 [main] INFO  org.testng.log4testng.Logger.info(Logger.java:112)oggger - [Utils] MethodGroupsHelper.sortMethods() took 0 ms.
19:22:00.145 [main] INFO  org.testng.log4testng.Logger.info(Logger.java:112)oggger - [Utils] MethodGroupsHelper.collectMethodsByGroup() took 0 ms.
19:22:00.145 [main] INFO  org.testng.log4testng.Logger.info(Logger.java:112)oggger - [Utils] MethodGroupsHelper.sortMethods() took 0 ms.
19:22:00.151 [main] INFO  org.testng.log4testng.Logger.info(Logger.java:112)oggger - [TestNG] Running:
  C:\Users\mayur.kotekar\AppData\Local\Temp\testng-eclipse--1128217934\testng-customsuite.xml

19:22:00.173 [main] INFO  org.testng.log4testng.Logger.info(Logger.java:112)oggger - [Utils] DynamicGraphHelper.createDynamicGraph() took 6 ms.
19:22:51.963 [main] INFO  org.testng.log4testng.Logger.info(Logger.java:112)oggger - [TestNG] Time taken by org.testng.reporters.jq.Main@77cb9cd1: 82 ms
19:22:51.975 [main] INFO  org.testng.log4testng.Logger.info(Logger.java:112)oggger - [TestNG] Time taken by org.testng.reporters.FailedReporter@dcc6211: 12 ms
19:22:51.985 [main] INFO  org.testng.log4testng.Logger.info(Logger.java:112)oggger - [TestNG] Time taken by org.testng.reporters.XMLReporter@3bead518: 10 ms
19:22:52.011 [main] INFO  org.testng.log4testng.Logger.info(Logger.java:112)oggger - [TestNG] Time taken by org.testng.reporters.EmailableReporter2@49cf9028: 26 ms
19:22:52.024 [main] INFO  org.testng.log4testng.Logger.info(Logger.java:112)oggger - [TestNG] Time taken by org.testng.reporters.JUnitReportReporter@4d774249: 13 ms
19:22:52.024 [main] INFO  org.testng.log4testng.Logger.info(Logger.java:112)oggger - [TestNG] Time taken by org.testng.internal.ExitCodeListener@17b64941: 0 ms
19:23:46.822 [main] DEBUG org.testng.log4testng.Logger.debug(Logger.java:82)oggger - suiteXmlPath: "C:\Users\MAYUR~1.KOT\AppData\Local\Temp\testng-eclipse--1860643566\testng-customsuite.xml"
19:23:47.047 [main] INFO  org.testng.log4testng.Logger.info(Logger.java:112)oggger - [Utils] MethodGroupsHelper.collectMethodsByGroup() took 1 ms.
19:23:47.049 [main] INFO  org.testng.log4testng.Logger.info(Logger.java:112)oggger - [Utils] MethodGroupsHelper.sortMethods() took 2 ms.
19:23:47.050 [main] INFO  org.testng.log4testng.Logger.info(Logger.java:112)oggger - [Utils] MethodGroupsHelper.collectMethodsByGroup() took 0 ms.
19:23:47.050 [main] INFO  org.testng.log4testng.Logger.info(Logger.java:112)oggger - [Utils] MethodGroupsHelper.sortMethods() took 0 ms.
19:23:47.051 [main] INFO  org.testng.log4testng.Logger.info(Logger.java:112)oggger - [Utils] MethodGroupsHelper.collectMethodsByGroup() took 0 ms.
19:23:47.051 [main] INFO  org.testng.log4testng.Logger.info(Logger.java:112)oggger - [Utils] MethodGroupsHelper.sortMethods() took 0 ms.
19:23:47.051 [main] INFO  org.testng.log4testng.Logger.info(Logger.java:112)oggger - [Utils] MethodGroupsHelper.collectMethodsByGroup() took 0 ms.
19:23:47.052 [main] INFO  org.testng.log4testng.Logger.info(Logger.java:112)oggger - [Utils] MethodGroupsHelper.sortMethods() took 0 ms.
19:23:47.056 [main] INFO  org.testng.log4testng.Logger.info(Logger.java:112)oggger - [Utils] MethodGroupsHelper.collectMethodsByGroup() took 2 ms.
19:23:47.064 [main] INFO  org.testng.log4testng.Logger.info(Logger.java:112)oggger - [Utils] MethodGroupsHelper.sortMethods() took 7 ms.
19:23:47.065 [main] INFO  org.testng.log4testng.Logger.info(Logger.java:112)oggger - [Utils] MethodGroupsHelper.collectMethodsByGroup() took 0 ms.
19:23:47.065 [main] INFO  org.testng.log4testng.Logger.info(Logger.java:112)oggger - [Utils] MethodGroupsHelper.sortMethods() took 0 ms.
19:23:47.066 [main] INFO  org.testng.log4testng.Logger.info(Logger.java:112)oggger - [Utils] MethodGroupsHelper.collectMethodsByGroup() took 0 ms.
19:23:47.066 [main] INFO  org.testng.log4testng.Logger.info(Logger.java:112)oggger - [Utils] MethodGroupsHelper.sortMethods() took 0 ms.
19:23:47.066 [main] INFO  org.testng.log4testng.Logger.info(Logger.java:112)oggger - [Utils] MethodGroupsHelper.collectMethodsByGroup() took 0 ms.
19:23:47.066 [main] INFO  org.testng.log4testng.Logger.info(Logger.java:112)oggger - [Utils] MethodGroupsHelper.sortMethods() took 0 ms.
19:23:47.067 [main] INFO  org.testng.log4testng.Logger.info(Logger.java:112)oggger - [Utils] MethodGroupsHelper.collectMethodsByGroup() took 0 ms.
19:23:47.068 [main] INFO  org.testng.log4testng.Logger.info(Logger.java:112)oggger - [Utils] MethodGroupsHelper.sortMethods() took 0 ms.
19:23:47.068 [main] INFO  org.testng.log4testng.Logger.info(Logger.java:112)oggger - [Utils] MethodGroupsHelper.collectMethodsByGroup() took 0 ms.
19:23:47.068 [main] INFO  org.testng.log4testng.Logger.info(Logger.java:112)oggger - [Utils] MethodGroupsHelper.sortMethods() took 0 ms.
19:23:47.070 [main] INFO  org.testng.log4testng.Logger.info(Logger.java:112)oggger - [Utils] MethodGroupsHelper.collectMethodsByGroup() took 0 ms.
19:23:47.070 [main] INFO  org.testng.log4testng.Logger.info(Logger.java:112)oggger - [Utils] MethodGroupsHelper.sortMethods() took 0 ms.
19:23:47.070 [main] INFO  org.testng.log4testng.Logger.info(Logger.java:112)oggger - [Utils] MethodGroupsHelper.collectMethodsByGroup() took 0 ms.
19:23:47.071 [main] INFO  org.testng.log4testng.Logger.info(Logger.java:112)oggger - [Utils] MethodGroupsHelper.sortMethods() took 0 ms.
19:23:47.072 [main] INFO  org.testng.log4testng.Logger.info(Logger.java:112)oggger - [Utils] MethodGroupsHelper.collectMethodsByGroup() took 0 ms.
19:23:47.073 [main] INFO  org.testng.log4testng.Logger.info(Logger.java:112)oggger - [Utils] MethodGroupsHelper.sortMethods() took 0 ms.
19:23:47.074 [main] INFO  org.testng.log4testng.Logger.info(Logger.java:112)oggger - [Utils] MethodGroupsHelper.collectMethodsByGroup() took 0 ms.
19:23:47.075 [main] INFO  org.testng.log4testng.Logger.info(Logger.java:112)oggger - [Utils] MethodGroupsHelper.sortMethods() took 0 ms.
19:23:47.075 [main] INFO  org.testng.log4testng.Logger.info(Logger.java:112)oggger - [Utils] MethodGroupsHelper.collectMethodsByGroup() took 0 ms.
19:23:47.075 [main] INFO  org.testng.log4testng.Logger.info(Logger.java:112)oggger - [Utils] MethodGroupsHelper.sortMethods() took 0 ms.
19:23:47.081 [main] INFO  org.testng.log4testng.Logger.info(Logger.java:112)oggger - [TestNG] Running:
  C:\Users\mayur.kotekar\AppData\Local\Temp\testng-eclipse--1860643566\testng-customsuite.xml

19:23:47.110 [main] INFO  org.testng.log4testng.Logger.info(Logger.java:112)oggger - [Utils] DynamicGraphHelper.createDynamicGraph() took 7 ms.
19:24:07.502 [main] INFO  org.testng.log4testng.Logger.info(Logger.java:112)oggger - [TestNG] Time taken by org.testng.reporters.jq.Main@c6a6c1d: 193 ms
19:24:07.502 [main] INFO  org.testng.log4testng.Logger.info(Logger.java:112)oggger - [TestNG] Time taken by org.testng.reporters.FailedReporter@e04ccf8: 0 ms
19:24:07.533 [main] INFO  org.testng.log4testng.Logger.info(Logger.java:112)oggger - [TestNG] Time taken by org.testng.reporters.XMLReporter@2a1debfa: 31 ms
19:24:07.551 [main] INFO  org.testng.log4testng.Logger.info(Logger.java:112)oggger - [TestNG] Time taken by org.testng.reporters.EmailableReporter2@2b56f5f8: 18 ms
19:24:07.569 [main] INFO  org.testng.log4testng.Logger.info(Logger.java:112)oggger - [TestNG] Time taken by org.testng.reporters.JUnitReportReporter@a20b94b: 14 ms
19:24:07.569 [main] INFO  org.testng.log4testng.Logger.info(Logger.java:112)oggger - [TestNG] Time taken by org.testng.internal.ExitCodeListener@5cdf39b2: 0 ms
17:44:17.402 [main] DEBUG org.testng.log4testng.Logger.debug(Logger.java:82)oggger - suiteXmlPath: "C:\Users\MAYUR~1.KOT\AppData\Local\Temp\testng-eclipse-2008880781\testng-customsuite.xml"
17:44:17.783 [main] INFO  org.testng.log4testng.Logger.info(Logger.java:112)oggger - [Utils] MethodGroupsHelper.collectMethodsByGroup() took 2 ms.
17:44:17.785 [main] INFO  org.testng.log4testng.Logger.info(Logger.java:112)oggger - [Utils] MethodGroupsHelper.sortMethods() took 2 ms.
17:44:17.786 [main] INFO  org.testng.log4testng.Logger.info(Logger.java:112)oggger - [Utils] MethodGroupsHelper.collectMethodsByGroup() took 0 ms.
17:44:17.787 [main] INFO  org.testng.log4testng.Logger.info(Logger.java:112)oggger - [Utils] MethodGroupsHelper.sortMethods() took 0 ms.
17:44:17.787 [main] INFO  org.testng.log4testng.Logger.info(Logger.java:112)oggger - [Utils] MethodGroupsHelper.collectMethodsByGroup() took 0 ms.
17:44:17.787 [main] INFO  org.testng.log4testng.Logger.info(Logger.java:112)oggger - [Utils] MethodGroupsHelper.sortMethods() took 0 ms.
17:44:17.788 [main] INFO  org.testng.log4testng.Logger.info(Logger.java:112)oggger - [Utils] MethodGroupsHelper.collectMethodsByGroup() took 0 ms.
17:44:17.788 [main] INFO  org.testng.log4testng.Logger.info(Logger.java:112)oggger - [Utils] MethodGroupsHelper.sortMethods() took 0 ms.
17:44:17.793 [main] INFO  org.testng.log4testng.Logger.info(Logger.java:112)oggger - [Utils] MethodGroupsHelper.collectMethodsByGroup() took 2 ms.
17:44:17.806 [main] INFO  org.testng.log4testng.Logger.info(Logger.java:112)oggger - [Utils] MethodGroupsHelper.sortMethods() took 11 ms.
17:44:17.807 [main] INFO  org.testng.log4testng.Logger.info(Logger.java:112)oggger - [Utils] MethodGroupsHelper.collectMethodsByGroup() took 0 ms.
17:44:17.807 [main] INFO  org.testng.log4testng.Logger.info(Logger.java:112)oggger - [Utils] MethodGroupsHelper.sortMethods() took 0 ms.
17:44:17.807 [main] INFO  org.testng.log4testng.Logger.info(Logger.java:112)oggger - [Utils] MethodGroupsHelper.collectMethodsByGroup() took 0 ms.
17:44:17.808 [main] INFO  org.testng.log4testng.Logger.info(Logger.java:112)oggger - [Utils] MethodGroupsHelper.sortMethods() took 0 ms.
17:44:17.808 [main] INFO  org.testng.log4testng.Logger.info(Logger.java:112)oggger - [Utils] MethodGroupsHelper.collectMethodsByGroup() took 0 ms.
17:44:17.808 [main] INFO  org.testng.log4testng.Logger.info(Logger.java:112)oggger - [Utils] MethodGroupsHelper.sortMethods() took 0 ms.
17:44:17.810 [main] INFO  org.testng.log4testng.Logger.info(Logger.java:112)oggger - [Utils] MethodGroupsHelper.collectMethodsByGroup() took 0 ms.
17:44:17.810 [main] INFO  org.testng.log4testng.Logger.info(Logger.java:112)oggger - [Utils] MethodGroupsHelper.sortMethods() took 0 ms.
17:44:17.810 [main] INFO  org.testng.log4testng.Logger.info(Logger.java:112)oggger - [Utils] MethodGroupsHelper.collectMethodsByGroup() took 0 ms.
17:44:17.810 [main] INFO  org.testng.log4testng.Logger.info(Logger.java:112)oggger - [Utils] MethodGroupsHelper.sortMethods() took 0 ms.
17:44:17.813 [main] INFO  org.testng.log4testng.Logger.info(Logger.java:112)oggger - [Utils] MethodGroupsHelper.collectMethodsByGroup() took 0 ms.
17:44:17.813 [main] INFO  org.testng.log4testng.Logger.info(Logger.java:112)oggger - [Utils] MethodGroupsHelper.sortMethods() took 0 ms.
17:44:17.814 [main] INFO  org.testng.log4testng.Logger.info(Logger.java:112)oggger - [Utils] MethodGroupsHelper.collectMethodsByGroup() took 0 ms.
17:44:17.814 [main] INFO  org.testng.log4testng.Logger.info(Logger.java:112)oggger - [Utils] MethodGroupsHelper.sortMethods() took 0 ms.
17:44:17.816 [main] INFO  org.testng.log4testng.Logger.info(Logger.java:112)oggger - [Utils] MethodGroupsHelper.collectMethodsByGroup() took 0 ms.
17:44:17.816 [main] INFO  org.testng.log4testng.Logger.info(Logger.java:112)oggger - [Utils] MethodGroupsHelper.sortMethods() took 0 ms.
17:44:17.817 [main] INFO  org.testng.log4testng.Logger.info(Logger.java:112)oggger - [Utils] MethodGroupsHelper.collectMethodsByGroup() took 0 ms.
17:44:17.818 [main] INFO  org.testng.log4testng.Logger.info(Logger.java:112)oggger - [Utils] MethodGroupsHelper.sortMethods() took 0 ms.
17:44:17.818 [main] INFO  org.testng.log4testng.Logger.info(Logger.java:112)oggger - [Utils] MethodGroupsHelper.collectMethodsByGroup() took 0 ms.
17:44:17.818 [main] INFO  org.testng.log4testng.Logger.info(Logger.java:112)oggger - [Utils] MethodGroupsHelper.sortMethods() took 0 ms.
17:44:17.826 [main] INFO  org.testng.log4testng.Logger.info(Logger.java:112)oggger - [TestNG] Running:
  C:\Users\mayur.kotekar\AppData\Local\Temp\testng-eclipse-2008880781\testng-customsuite.xml

17:44:17.851 [main] INFO  org.testng.log4testng.Logger.info(Logger.java:112)oggger - [Utils] DynamicGraphHelper.createDynamicGraph() took 9 ms.
17:44:40.440 [main] INFO  org.testng.log4testng.Logger.info(Logger.java:112)oggger - [TestNG] Time taken by org.testng.reporters.jq.Main@c6a6c1d: 187 ms
17:44:40.450 [main] INFO  org.testng.log4testng.Logger.info(Logger.java:112)oggger - [TestNG] Time taken by org.testng.reporters.FailedReporter@e04ccf8: 10 ms
17:44:40.471 [main] INFO  org.testng.log4testng.Logger.info(Logger.java:112)oggger - [TestNG] Time taken by org.testng.reporters.XMLReporter@2a1debfa: 21 ms
17:44:40.490 [main] INFO  org.testng.log4testng.Logger.info(Logger.java:112)oggger - [TestNG] Time taken by org.testng.reporters.EmailableReporter2@2b56f5f8: 19 ms
17:44:40.504 [main] INFO  org.testng.log4testng.Logger.info(Logger.java:112)oggger - [TestNG] Time taken by org.testng.reporters.JUnitReportReporter@a20b94b: 14 ms
17:44:40.509 [main] INFO  org.testng.log4testng.Logger.info(Logger.java:112)oggger - [TestNG] Time taken by org.testng.internal.ExitCodeListener@5cdf39b2: 0 ms
17:51:03.037 [main] DEBUG org.testng.log4testng.Logger.debug(Logger.java:82)oggger - suiteXmlPath: "C:\Users\MAYUR~1.KOT\AppData\Local\Temp\testng-eclipse-1586610379\testng-customsuite.xml"
17:51:03.256 [main] INFO  org.testng.log4testng.Logger.info(Logger.java:112)oggger - [Utils] MethodGroupsHelper.collectMethodsByGroup() took 0 ms.
17:51:03.260 [main] INFO  org.testng.log4testng.Logger.info(Logger.java:112)oggger - [Utils] MethodGroupsHelper.sortMethods() took 1 ms.
17:51:03.261 [main] INFO  org.testng.log4testng.Logger.info(Logger.java:112)oggger - [Utils] MethodGroupsHelper.collectMethodsByGroup() took 0 ms.
17:51:03.262 [main] INFO  org.testng.log4testng.Logger.info(Logger.java:112)oggger - [Utils] MethodGroupsHelper.sortMethods() took 0 ms.
17:51:03.262 [main] INFO  org.testng.log4testng.Logger.info(Logger.java:112)oggger - [Utils] MethodGroupsHelper.collectMethodsByGroup() took 0 ms.
17:51:03.262 [main] INFO  org.testng.log4testng.Logger.info(Logger.java:112)oggger - [Utils] MethodGroupsHelper.sortMethods() took 0 ms.
17:51:03.262 [main] INFO  org.testng.log4testng.Logger.info(Logger.java:112)oggger - [Utils] MethodGroupsHelper.collectMethodsByGroup() took 0 ms.
17:51:03.263 [main] INFO  org.testng.log4testng.Logger.info(Logger.java:112)oggger - [Utils] MethodGroupsHelper.sortMethods() took 0 ms.
17:51:03.267 [main] INFO  org.testng.log4testng.Logger.info(Logger.java:112)oggger - [Utils] MethodGroupsHelper.collectMethodsByGroup() took 3 ms.
17:51:03.278 [main] INFO  org.testng.log4testng.Logger.info(Logger.java:112)oggger - [Utils] MethodGroupsHelper.sortMethods() took 11 ms.
17:51:03.279 [main] INFO  org.testng.log4testng.Logger.info(Logger.java:112)oggger - [Utils] MethodGroupsHelper.collectMethodsByGroup() took 0 ms.
17:51:03.280 [main] INFO  org.testng.log4testng.Logger.info(Logger.java:112)oggger - [Utils] MethodGroupsHelper.sortMethods() took 0 ms.
17:51:03.280 [main] INFO  org.testng.log4testng.Logger.info(Logger.java:112)oggger - [Utils] MethodGroupsHelper.collectMethodsByGroup() took 0 ms.
17:51:03.281 [main] INFO  org.testng.log4testng.Logger.info(Logger.java:112)oggger - [Utils] MethodGroupsHelper.sortMethods() took 0 ms.
17:51:03.281 [main] INFO  org.testng.log4testng.Logger.info(Logger.java:112)oggger - [Utils] MethodGroupsHelper.collectMethodsByGroup() took 0 ms.
17:51:03.281 [main] INFO  org.testng.log4testng.Logger.info(Logger.java:112)oggger - [Utils] MethodGroupsHelper.sortMethods() took 0 ms.
17:51:03.282 [main] INFO  org.testng.log4testng.Logger.info(Logger.java:112)oggger - [Utils] MethodGroupsHelper.collectMethodsByGroup() took 0 ms.
17:51:03.282 [main] INFO  org.testng.log4testng.Logger.info(Logger.java:112)oggger - [Utils] MethodGroupsHelper.sortMethods() took 0 ms.
17:51:03.283 [main] INFO  org.testng.log4testng.Logger.info(Logger.java:112)oggger - [Utils] MethodGroupsHelper.collectMethodsByGroup() took 0 ms.
17:51:03.283 [main] INFO  org.testng.log4testng.Logger.info(Logger.java:112)oggger - [Utils] MethodGroupsHelper.sortMethods() took 0 ms.
17:51:03.286 [main] INFO  org.testng.log4testng.Logger.info(Logger.java:112)oggger - [Utils] MethodGroupsHelper.collectMethodsByGroup() took 0 ms.
17:51:03.286 [main] INFO  org.testng.log4testng.Logger.info(Logger.java:112)oggger - [Utils] MethodGroupsHelper.sortMethods() took 0 ms.
17:51:03.286 [main] INFO  org.testng.log4testng.Logger.info(Logger.java:112)oggger - [Utils] MethodGroupsHelper.collectMethodsByGroup() took 0 ms.
17:51:03.287 [main] INFO  org.testng.log4testng.Logger.info(Logger.java:112)oggger - [Utils] MethodGroupsHelper.sortMethods() took 0 ms.
17:51:03.288 [main] INFO  org.testng.log4testng.Logger.info(Logger.java:112)oggger - [Utils] MethodGroupsHelper.collectMethodsByGroup() took 0 ms.
17:51:03.289 [main] INFO  org.testng.log4testng.Logger.info(Logger.java:112)oggger - [Utils] MethodGroupsHelper.sortMethods() took 1 ms.
17:51:03.290 [main] INFO  org.testng.log4testng.Logger.info(Logger.java:112)oggger - [Utils] MethodGroupsHelper.collectMethodsByGroup() took 0 ms.
17:51:03.291 [main] INFO  org.testng.log4testng.Logger.info(Logger.java:112)oggger - [Utils] MethodGroupsHelper.sortMethods() took 0 ms.
17:51:03.291 [main] INFO  org.testng.log4testng.Logger.info(Logger.java:112)oggger - [Utils] MethodGroupsHelper.collectMethodsByGroup() took 0 ms.
17:51:03.291 [main] INFO  org.testng.log4testng.Logger.info(Logger.java:112)oggger - [Utils] MethodGroupsHelper.sortMethods() took 0 ms.
17:51:03.299 [main] INFO  org.testng.log4testng.Logger.info(Logger.java:112)oggger - [TestNG] Running:
  C:\Users\mayur.kotekar\AppData\Local\Temp\testng-eclipse-1586610379\testng-customsuite.xml

17:51:03.322 [main] INFO  org.testng.log4testng.Logger.info(Logger.java:112)oggger - [Utils] DynamicGraphHelper.createDynamicGraph() took 10 ms.
17:51:25.540 [main] INFO  org.testng.log4testng.Logger.info(Logger.java:112)oggger - [TestNG] Time taken by org.testng.reporters.jq.Main@c6a6c1d: 138 ms
17:51:25.545 [main] INFO  org.testng.log4testng.Logger.info(Logger.java:112)oggger - [TestNG] Time taken by org.testng.reporters.FailedReporter@e04ccf8: 5 ms
17:51:25.565 [main] INFO  org.testng.log4testng.Logger.info(Logger.java:112)oggger - [TestNG] Time taken by org.testng.reporters.XMLReporter@2a1debfa: 20 ms
17:51:25.579 [main] INFO  org.testng.log4testng.Logger.info(Logger.java:112)oggger - [TestNG] Time taken by org.testng.reporters.EmailableReporter2@2b56f5f8: 14 ms
17:51:25.590 [main] INFO  org.testng.log4testng.Logger.info(Logger.java:112)oggger - [TestNG] Time taken by org.testng.reporters.JUnitReportReporter@a20b94b: 11 ms
17:51:25.590 [main] INFO  org.testng.log4testng.Logger.info(Logger.java:112)oggger - [TestNG] Time taken by org.testng.internal.ExitCodeListener@5cdf39b2: 0 ms
17:52:24.604 [main] DEBUG org.testng.log4testng.Logger.debug(Logger.java:82)oggger - suiteXmlPath: "C:\Users\MAYUR~1.KOT\AppData\Local\Temp\testng-eclipse--811990885\testng-customsuite.xml"
17:52:24.895 [main] INFO  org.testng.log4testng.Logger.info(Logger.java:112)oggger - [Utils] MethodGroupsHelper.collectMethodsByGroup() took 0 ms.
17:52:24.899 [main] INFO  org.testng.log4testng.Logger.info(Logger.java:112)oggger - [Utils] MethodGroupsHelper.sortMethods() took 2 ms.
17:52:24.902 [main] INFO  org.testng.log4testng.Logger.info(Logger.java:112)oggger - [Utils] MethodGroupsHelper.collectMethodsByGroup() took 0 ms.
17:52:24.902 [main] INFO  org.testng.log4testng.Logger.info(Logger.java:112)oggger - [Utils] MethodGroupsHelper.sortMethods() took 0 ms.
17:52:24.902 [main] INFO  org.testng.log4testng.Logger.info(Logger.java:112)oggger - [Utils] MethodGroupsHelper.collectMethodsByGroup() took 0 ms.
17:52:24.904 [main] INFO  org.testng.log4testng.Logger.info(Logger.java:112)oggger - [Utils] MethodGroupsHelper.sortMethods() took 0 ms.
17:52:24.904 [main] INFO  org.testng.log4testng.Logger.info(Logger.java:112)oggger - [Utils] MethodGroupsHelper.collectMethodsByGroup() took 0 ms.
17:52:24.904 [main] INFO  org.testng.log4testng.Logger.info(Logger.java:112)oggger - [Utils] MethodGroupsHelper.sortMethods() took 0 ms.
17:52:24.908 [main] INFO  org.testng.log4testng.Logger.info(Logger.java:112)oggger - [Utils] MethodGroupsHelper.collectMethodsByGroup() took 2 ms.
17:52:24.922 [main] INFO  org.testng.log4testng.Logger.info(Logger.java:112)oggger - [Utils] MethodGroupsHelper.sortMethods() took 14 ms.
17:52:24.923 [main] INFO  org.testng.log4testng.Logger.info(Logger.java:112)oggger - [Utils] MethodGroupsHelper.collectMethodsByGroup() took 0 ms.
17:52:24.923 [main] INFO  org.testng.log4testng.Logger.info(Logger.java:112)oggger - [Utils] MethodGroupsHelper.sortMethods() took 0 ms.
17:52:24.924 [main] INFO  org.testng.log4testng.Logger.info(Logger.java:112)oggger - [Utils] MethodGroupsHelper.collectMethodsByGroup() took 0 ms.
17:52:24.924 [main] INFO  org.testng.log4testng.Logger.info(Logger.java:112)oggger - [Utils] MethodGroupsHelper.sortMethods() took 0 ms.
17:52:24.924 [main] INFO  org.testng.log4testng.Logger.info(Logger.java:112)oggger - [Utils] MethodGroupsHelper.collectMethodsByGroup() took 0 ms.
17:52:24.924 [main] INFO  org.testng.log4testng.Logger.info(Logger.java:112)oggger - [Utils] MethodGroupsHelper.sortMethods() took 0 ms.
17:52:24.925 [main] INFO  org.testng.log4testng.Logger.info(Logger.java:112)oggger - [Utils] MethodGroupsHelper.collectMethodsByGroup() took 0 ms.
17:52:24.925 [main] INFO  org.testng.log4testng.Logger.info(Logger.java:112)oggger - [Utils] MethodGroupsHelper.sortMethods() took 0 ms.
17:52:24.926 [main] INFO  org.testng.log4testng.Logger.info(Logger.java:112)oggger - [Utils] MethodGroupsHelper.collectMethodsByGroup() took 0 ms.
17:52:24.926 [main] INFO  org.testng.log4testng.Logger.info(Logger.java:112)oggger - [Utils] MethodGroupsHelper.sortMethods() took 0 ms.
17:52:24.930 [main] INFO  org.testng.log4testng.Logger.info(Logger.java:112)oggger - [Utils] MethodGroupsHelper.collectMethodsByGroup() took 0 ms.
17:52:24.930 [main] INFO  org.testng.log4testng.Logger.info(Logger.java:112)oggger - [Utils] MethodGroupsHelper.sortMethods() took 0 ms.
17:52:24.931 [main] INFO  org.testng.log4testng.Logger.info(Logger.java:112)oggger - [Utils] MethodGroupsHelper.collectMethodsByGroup() took 0 ms.
17:52:24.931 [main] INFO  org.testng.log4testng.Logger.info(Logger.java:112)oggger - [Utils] MethodGroupsHelper.sortMethods() took 0 ms.
17:52:24.935 [main] INFO  org.testng.log4testng.Logger.info(Logger.java:112)oggger - [Utils] MethodGroupsHelper.collectMethodsByGroup() took 1 ms.
17:52:24.935 [main] INFO  org.testng.log4testng.Logger.info(Logger.java:112)oggger - [Utils] MethodGroupsHelper.sortMethods() took 0 ms.
17:52:24.937 [main] INFO  org.testng.log4testng.Logger.info(Logger.java:112)oggger - [Utils] MethodGroupsHelper.collectMethodsByGroup() took 0 ms.
17:52:24.937 [main] INFO  org.testng.log4testng.Logger.info(Logger.java:112)oggger - [Utils] MethodGroupsHelper.sortMethods() took 0 ms.
17:52:24.937 [main] INFO  org.testng.log4testng.Logger.info(Logger.java:112)oggger - [Utils] MethodGroupsHelper.collectMethodsByGroup() took 0 ms.
17:52:24.937 [main] INFO  org.testng.log4testng.Logger.info(Logger.java:112)oggger - [Utils] MethodGroupsHelper.sortMethods() took 0 ms.
17:52:24.942 [main] INFO  org.testng.log4testng.Logger.info(Logger.java:112)oggger - [TestNG] Running:
  C:\Users\mayur.kotekar\AppData\Local\Temp\testng-eclipse--811990885\testng-customsuite.xml

17:52:24.970 [main] INFO  org.testng.log4testng.Logger.info(Logger.java:112)oggger - [Utils] DynamicGraphHelper.createDynamicGraph() took 8 ms.
17:52:42.141 [main] INFO  org.testng.log4testng.Logger.info(Logger.java:112)oggger - [TestNG] Time taken by org.testng.reporters.jq.Main@2679311f: 205 ms
17:52:42.197 [main] INFO  org.testng.log4testng.Logger.info(Logger.java:112)oggger - [TestNG] Time taken by org.testng.reporters.FailedReporter@6818d900: 51 ms
17:52:42.233 [main] INFO  org.testng.log4testng.Logger.info(Logger.java:112)oggger - [TestNG] Time taken by org.testng.reporters.XMLReporter@5ce4369b: 34 ms
17:52:42.265 [main] INFO  org.testng.log4testng.Logger.info(Logger.java:112)oggger - [TestNG] Time taken by org.testng.reporters.EmailableReporter2@29a69a35: 32 ms
17:52:42.293 [main] INFO  org.testng.log4testng.Logger.info(Logger.java:112)oggger - [TestNG] Time taken by org.testng.reporters.JUnitReportReporter@4e904fd5: 28 ms
17:52:42.293 [main] INFO  org.testng.log4testng.Logger.info(Logger.java:112)oggger - [TestNG] Time taken by org.testng.internal.ExitCodeListener@b18c4: 0 ms
17:53:18.904 [main] DEBUG org.testng.log4testng.Logger.debug(Logger.java:82)oggger - suiteXmlPath: "C:\Users\MAYUR~1.KOT\AppData\Local\Temp\testng-eclipse-1620635204\testng-customsuite.xml"
17:53:19.178 [main] INFO  org.testng.log4testng.Logger.info(Logger.java:112)oggger - [Utils] MethodGroupsHelper.collectMethodsByGroup() took 1 ms.
17:53:19.181 [main] INFO  org.testng.log4testng.Logger.info(Logger.java:112)oggger - [Utils] MethodGroupsHelper.sortMethods() took 0 ms.
17:53:19.186 [main] INFO  org.testng.log4testng.Logger.info(Logger.java:112)oggger - [Utils] MethodGroupsHelper.collectMethodsByGroup() took 0 ms.
17:53:19.186 [main] INFO  org.testng.log4testng.Logger.info(Logger.java:112)oggger - [Utils] MethodGroupsHelper.sortMethods() took 0 ms.
17:53:19.187 [main] INFO  org.testng.log4testng.Logger.info(Logger.java:112)oggger - [Utils] MethodGroupsHelper.collectMethodsByGroup() took 0 ms.
17:53:19.187 [main] INFO  org.testng.log4testng.Logger.info(Logger.java:112)oggger - [Utils] MethodGroupsHelper.sortMethods() took 0 ms.
17:53:19.187 [main] INFO  org.testng.log4testng.Logger.info(Logger.java:112)oggger - [Utils] MethodGroupsHelper.collectMethodsByGroup() took 0 ms.
17:53:19.187 [main] INFO  org.testng.log4testng.Logger.info(Logger.java:112)oggger - [Utils] MethodGroupsHelper.sortMethods() took 0 ms.
17:53:19.194 [main] INFO  org.testng.log4testng.Logger.info(Logger.java:112)oggger - [Utils] MethodGroupsHelper.collectMethodsByGroup() took 3 ms.
17:53:19.203 [main] INFO  org.testng.log4testng.Logger.info(Logger.java:112)oggger - [Utils] MethodGroupsHelper.sortMethods() took 9 ms.
17:53:19.204 [main] INFO  org.testng.log4testng.Logger.info(Logger.java:112)oggger - [Utils] MethodGroupsHelper.collectMethodsByGroup() took 0 ms.
17:53:19.204 [main] INFO  org.testng.log4testng.Logger.info(Logger.java:112)oggger - [Utils] MethodGroupsHelper.sortMethods() took 0 ms.
17:53:19.204 [main] INFO  org.testng.log4testng.Logger.info(Logger.java:112)oggger - [Utils] MethodGroupsHelper.collectMethodsByGroup() took 0 ms.
17:53:19.205 [main] INFO  org.testng.log4testng.Logger.info(Logger.java:112)oggger - [Utils] MethodGroupsHelper.sortMethods() took 0 ms.
17:53:19.205 [main] INFO  org.testng.log4testng.Logger.info(Logger.java:112)oggger - [Utils] MethodGroupsHelper.collectMethodsByGroup() took 0 ms.
17:53:19.205 [main] INFO  org.testng.log4testng.Logger.info(Logger.java:112)oggger - [Utils] MethodGroupsHelper.sortMethods() took 0 ms.
17:53:19.206 [main] INFO  org.testng.log4testng.Logger.info(Logger.java:112)oggger - [Utils] MethodGroupsHelper.collectMethodsByGroup() took 0 ms.
17:53:19.206 [main] INFO  org.testng.log4testng.Logger.info(Logger.java:112)oggger - [Utils] MethodGroupsHelper.sortMethods() took 0 ms.
17:53:19.207 [main] INFO  org.testng.log4testng.Logger.info(Logger.java:112)oggger - [Utils] MethodGroupsHelper.collectMethodsByGroup() took 0 ms.
17:53:19.207 [main] INFO  org.testng.log4testng.Logger.info(Logger.java:112)oggger - [Utils] MethodGroupsHelper.sortMethods() took 0 ms.
17:53:19.210 [main] INFO  org.testng.log4testng.Logger.info(Logger.java:112)oggger - [Utils] MethodGroupsHelper.collectMethodsByGroup() took 0 ms.
17:53:19.211 [main] INFO  org.testng.log4testng.Logger.info(Logger.java:112)oggger - [Utils] MethodGroupsHelper.sortMethods() took 0 ms.
17:53:19.211 [main] INFO  org.testng.log4testng.Logger.info(Logger.java:112)oggger - [Utils] MethodGroupsHelper.collectMethodsByGroup() took 0 ms.
17:53:19.211 [main] INFO  org.testng.log4testng.Logger.info(Logger.java:112)oggger - [Utils] MethodGroupsHelper.sortMethods() took 0 ms.
17:53:19.213 [main] INFO  org.testng.log4testng.Logger.info(Logger.java:112)oggger - [Utils] MethodGroupsHelper.collectMethodsByGroup() took 1 ms.
17:53:19.213 [main] INFO  org.testng.log4testng.Logger.info(Logger.java:112)oggger - [Utils] MethodGroupsHelper.sortMethods() took 0 ms.
17:53:19.214 [main] INFO  org.testng.log4testng.Logger.info(Logger.java:112)oggger - [Utils] MethodGroupsHelper.collectMethodsByGroup() took 0 ms.
17:53:19.215 [main] INFO  org.testng.log4testng.Logger.info(Logger.java:112)oggger - [Utils] MethodGroupsHelper.sortMethods() took 0 ms.
17:53:19.215 [main] INFO  org.testng.log4testng.Logger.info(Logger.java:112)oggger - [Utils] MethodGroupsHelper.collectMethodsByGroup() took 0 ms.
17:53:19.215 [main] INFO  org.testng.log4testng.Logger.info(Logger.java:112)oggger - [Utils] MethodGroupsHelper.sortMethods() took 0 ms.
17:53:19.221 [main] INFO  org.testng.log4testng.Logger.info(Logger.java:112)oggger - [TestNG] Running:
  C:\Users\mayur.kotekar\AppData\Local\Temp\testng-eclipse-1620635204\testng-customsuite.xml

17:53:19.243 [main] INFO  org.testng.log4testng.Logger.info(Logger.java:112)oggger - [Utils] DynamicGraphHelper.createDynamicGraph() took 6 ms.
17:53:41.408 [main] INFO  org.testng.log4testng.Logger.info(Logger.java:112)oggger - [TestNG] Time taken by org.testng.reporters.jq.Main@c6a6c1d: 175 ms
17:53:41.422 [main] INFO  org.testng.log4testng.Logger.info(Logger.java:112)oggger - [TestNG] Time taken by org.testng.reporters.FailedReporter@e04ccf8: 4 ms
17:53:41.440 [main] INFO  org.testng.log4testng.Logger.info(Logger.java:112)oggger - [TestNG] Time taken by org.testng.reporters.XMLReporter@2a1debfa: 18 ms
17:53:41.465 [main] INFO  org.testng.log4testng.Logger.info(Logger.java:112)oggger - [TestNG] Time taken by org.testng.reporters.EmailableReporter2@2b56f5f8: 25 ms
17:53:41.483 [main] INFO  org.testng.log4testng.Logger.info(Logger.java:112)oggger - [TestNG] Time taken by org.testng.reporters.JUnitReportReporter@a20b94b: 13 ms
17:53:41.483 [main] INFO  org.testng.log4testng.Logger.info(Logger.java:112)oggger - [TestNG] Time taken by org.testng.internal.ExitCodeListener@5cdf39b2: 0 ms
18:33:44.741 [main] DEBUG org.testng.log4testng.Logger.debug(Logger.java:82)oggger - suiteXmlPath: "C:\Users\MAYUR~1.KOT\AppData\Local\Temp\testng-eclipse--830151825\testng-customsuite.xml"
18:33:44.984 [main] INFO  org.testng.log4testng.Logger.info(Logger.java:112)oggger - [Utils] MethodGroupsHelper.collectMethodsByGroup() took 0 ms.
18:33:44.986 [main] INFO  org.testng.log4testng.Logger.info(Logger.java:112)oggger - [Utils] MethodGroupsHelper.sortMethods() took 0 ms.
18:33:44.989 [main] INFO  org.testng.log4testng.Logger.info(Logger.java:112)oggger - [Utils] MethodGroupsHelper.collectMethodsByGroup() took 0 ms.
18:33:44.989 [main] INFO  org.testng.log4testng.Logger.info(Logger.java:112)oggger - [Utils] MethodGroupsHelper.sortMethods() took 0 ms.
18:33:44.989 [main] INFO  org.testng.log4testng.Logger.info(Logger.java:112)oggger - [Utils] MethodGroupsHelper.collectMethodsByGroup() took 0 ms.
18:33:44.989 [main] INFO  org.testng.log4testng.Logger.info(Logger.java:112)oggger - [Utils] MethodGroupsHelper.sortMethods() took 0 ms.
18:33:44.990 [main] INFO  org.testng.log4testng.Logger.info(Logger.java:112)oggger - [Utils] MethodGroupsHelper.collectMethodsByGroup() took 0 ms.
18:33:44.990 [main] INFO  org.testng.log4testng.Logger.info(Logger.java:112)oggger - [Utils] MethodGroupsHelper.sortMethods() took 0 ms.
18:33:44.994 [main] INFO  org.testng.log4testng.Logger.info(Logger.java:112)oggger - [Utils] MethodGroupsHelper.collectMethodsByGroup() took 3 ms.
18:33:45.007 [main] INFO  org.testng.log4testng.Logger.info(Logger.java:112)oggger - [Utils] MethodGroupsHelper.sortMethods() took 13 ms.
18:33:45.009 [main] INFO  org.testng.log4testng.Logger.info(Logger.java:112)oggger - [Utils] MethodGroupsHelper.collectMethodsByGroup() took 0 ms.
18:33:45.009 [main] INFO  org.testng.log4testng.Logger.info(Logger.java:112)oggger - [Utils] MethodGroupsHelper.sortMethods() took 0 ms.
18:33:45.009 [main] INFO  org.testng.log4testng.Logger.info(Logger.java:112)oggger - [Utils] MethodGroupsHelper.collectMethodsByGroup() took 0 ms.
18:33:45.009 [main] INFO  org.testng.log4testng.Logger.info(Logger.java:112)oggger - [Utils] MethodGroupsHelper.sortMethods() took 0 ms.
18:33:45.009 [main] INFO  org.testng.log4testng.Logger.info(Logger.java:112)oggger - [Utils] MethodGroupsHelper.collectMethodsByGroup() took 0 ms.
18:33:45.010 [main] INFO  org.testng.log4testng.Logger.info(Logger.java:112)oggger - [Utils] MethodGroupsHelper.sortMethods() took 0 ms.
18:33:45.010 [main] INFO  org.testng.log4testng.Logger.info(Logger.java:112)oggger - [Utils] MethodGroupsHelper.collectMethodsByGroup() took 0 ms.
18:33:45.010 [main] INFO  org.testng.log4testng.Logger.info(Logger.java:112)oggger - [Utils] MethodGroupsHelper.sortMethods() took 0 ms.
18:33:45.011 [main] INFO  org.testng.log4testng.Logger.info(Logger.java:112)oggger - [Utils] MethodGroupsHelper.collectMethodsByGroup() took 0 ms.
18:33:45.011 [main] INFO  org.testng.log4testng.Logger.info(Logger.java:112)oggger - [Utils] MethodGroupsHelper.sortMethods() took 0 ms.
18:33:45.014 [main] INFO  org.testng.log4testng.Logger.info(Logger.java:112)oggger - [Utils] MethodGroupsHelper.collectMethodsByGroup() took 0 ms.
18:33:45.014 [main] INFO  org.testng.log4testng.Logger.info(Logger.java:112)oggger - [Utils] MethodGroupsHelper.sortMethods() took 0 ms.
18:33:45.014 [main] INFO  org.testng.log4testng.Logger.info(Logger.java:112)oggger - [Utils] MethodGroupsHelper.collectMethodsByGroup() took 0 ms.
18:33:45.014 [main] INFO  org.testng.log4testng.Logger.info(Logger.java:112)oggger - [Utils] MethodGroupsHelper.sortMethods() took 0 ms.
18:33:45.016 [main] INFO  org.testng.log4testng.Logger.info(Logger.java:112)oggger - [Utils] MethodGroupsHelper.collectMethodsByGroup() took 0 ms.
18:33:45.016 [main] INFO  org.testng.log4testng.Logger.info(Logger.java:112)oggger - [Utils] MethodGroupsHelper.sortMethods() took 0 ms.
18:33:45.018 [main] INFO  org.testng.log4testng.Logger.info(Logger.java:112)oggger - [Utils] MethodGroupsHelper.collectMethodsByGroup() took 0 ms.
18:33:45.018 [main] INFO  org.testng.log4testng.Logger.info(Logger.java:112)oggger - [Utils] MethodGroupsHelper.sortMethods() took 0 ms.
18:33:45.018 [main] INFO  org.testng.log4testng.Logger.info(Logger.java:112)oggger - [Utils] MethodGroupsHelper.collectMethodsByGroup() took 0 ms.
18:33:45.018 [main] INFO  org.testng.log4testng.Logger.info(Logger.java:112)oggger - [Utils] MethodGroupsHelper.sortMethods() took 0 ms.
18:33:45.026 [main] INFO  org.testng.log4testng.Logger.info(Logger.java:112)oggger - [TestNG] Running:
  C:\Users\mayur.kotekar\AppData\Local\Temp\testng-eclipse--830151825\testng-customsuite.xml

18:33:45.046 [main] INFO  org.testng.log4testng.Logger.info(Logger.java:112)oggger - [Utils] DynamicGraphHelper.createDynamicGraph() took 4 ms.
18:34:10.046 [main] INFO  org.testng.log4testng.Logger.info(Logger.java:112)oggger - [TestNG] Time taken by org.testng.reporters.jq.Main@681adc8f: 177 ms
18:34:10.046 [main] INFO  org.testng.log4testng.Logger.info(Logger.java:112)oggger - [TestNG] Time taken by org.testng.reporters.FailedReporter@8ff5094: 0 ms
18:34:10.075 [main] INFO  org.testng.log4testng.Logger.info(Logger.java:112)oggger - [TestNG] Time taken by org.testng.reporters.XMLReporter@65f58c6e: 28 ms
18:34:10.096 [main] INFO  org.testng.log4testng.Logger.info(Logger.java:112)oggger - [TestNG] Time taken by org.testng.reporters.EmailableReporter2@7c2312fa: 15 ms
18:34:10.108 [main] INFO  org.testng.log4testng.Logger.info(Logger.java:112)oggger - [TestNG] Time taken by org.testng.reporters.JUnitReportReporter@40298285: 12 ms
18:34:10.108 [main] INFO  org.testng.log4testng.Logger.info(Logger.java:112)oggger - [TestNG] Time taken by org.testng.internal.ExitCodeListener@22367b8: 0 ms
18:43:39.800 [main] DEBUG org.testng.log4testng.Logger.debug(Logger.java:82)oggger - suiteXmlPath: "C:\Users\MAYUR~1.KOT\AppData\Local\Temp\testng-eclipse-146017955\testng-customsuite.xml"
18:43:40.074 [main] INFO  org.testng.log4testng.Logger.info(Logger.java:112)oggger - [Utils] MethodGroupsHelper.collectMethodsByGroup() took 1 ms.
18:43:40.077 [main] INFO  org.testng.log4testng.Logger.info(Logger.java:112)oggger - [Utils] MethodGroupsHelper.sortMethods() took 1 ms.
18:43:40.079 [main] INFO  org.testng.log4testng.Logger.info(Logger.java:112)oggger - [Utils] MethodGroupsHelper.collectMethodsByGroup() took 0 ms.
18:43:40.079 [main] INFO  org.testng.log4testng.Logger.info(Logger.java:112)oggger - [Utils] MethodGroupsHelper.sortMethods() took 0 ms.
18:43:40.080 [main] INFO  org.testng.log4testng.Logger.info(Logger.java:112)oggger - [Utils] MethodGroupsHelper.collectMethodsByGroup() took 0 ms.
18:43:40.080 [main] INFO  org.testng.log4testng.Logger.info(Logger.java:112)oggger - [Utils] MethodGroupsHelper.sortMethods() took 0 ms.
18:43:40.080 [main] INFO  org.testng.log4testng.Logger.info(Logger.java:112)oggger - [Utils] MethodGroupsHelper.collectMethodsByGroup() took 0 ms.
18:43:40.081 [main] INFO  org.testng.log4testng.Logger.info(Logger.java:112)oggger - [Utils] MethodGroupsHelper.sortMethods() took 0 ms.
18:43:40.086 [main] INFO  org.testng.log4testng.Logger.info(Logger.java:112)oggger - [Utils] MethodGroupsHelper.collectMethodsByGroup() took 4 ms.
18:43:40.099 [main] INFO  org.testng.log4testng.Logger.info(Logger.java:112)oggger - [Utils] MethodGroupsHelper.sortMethods() took 12 ms.
18:43:40.099 [main] INFO  org.testng.log4testng.Logger.info(Logger.java:112)oggger - [Utils] MethodGroupsHelper.collectMethodsByGroup() took 0 ms.
18:43:40.100 [main] INFO  org.testng.log4testng.Logger.info(Logger.java:112)oggger - [Utils] MethodGroupsHelper.sortMethods() took 0 ms.
18:43:40.100 [main] INFO  org.testng.log4testng.Logger.info(Logger.java:112)oggger - [Utils] MethodGroupsHelper.collectMethodsByGroup() took 0 ms.
18:43:40.100 [main] INFO  org.testng.log4testng.Logger.info(Logger.java:112)oggger - [Utils] MethodGroupsHelper.sortMethods() took 0 ms.
18:43:40.101 [main] INFO  org.testng.log4testng.Logger.info(Logger.java:112)oggger - [Utils] MethodGroupsHelper.collectMethodsByGroup() took 0 ms.
18:43:40.101 [main] INFO  org.testng.log4testng.Logger.info(Logger.java:112)oggger - [Utils] MethodGroupsHelper.sortMethods() took 0 ms.
18:43:40.102 [main] INFO  org.testng.log4testng.Logger.info(Logger.java:112)oggger - [Utils] MethodGroupsHelper.collectMethodsByGroup() took 0 ms.
18:43:40.102 [main] INFO  org.testng.log4testng.Logger.info(Logger.java:112)oggger - [Utils] MethodGroupsHelper.sortMethods() took 0 ms.
18:43:40.102 [main] INFO  org.testng.log4testng.Logger.info(Logger.java:112)oggger - [Utils] MethodGroupsHelper.collectMethodsByGroup() took 0 ms.
18:43:40.103 [main] INFO  org.testng.log4testng.Logger.info(Logger.java:112)oggger - [Utils] MethodGroupsHelper.sortMethods() took 0 ms.
18:43:40.105 [main] INFO  org.testng.log4testng.Logger.info(Logger.java:112)oggger - [Utils] MethodGroupsHelper.collectMethodsByGroup() took 0 ms.
18:43:40.105 [main] INFO  org.testng.log4testng.Logger.info(Logger.java:112)oggger - [Utils] MethodGroupsHelper.sortMethods() took 0 ms.
18:43:40.105 [main] INFO  org.testng.log4testng.Logger.info(Logger.java:112)oggger - [Utils] MethodGroupsHelper.collectMethodsByGroup() took 0 ms.
18:43:40.106 [main] INFO  org.testng.log4testng.Logger.info(Logger.java:112)oggger - [Utils] MethodGroupsHelper.sortMethods() took 0 ms.
18:43:40.107 [main] INFO  org.testng.log4testng.Logger.info(Logger.java:112)oggger - [Utils] MethodGroupsHelper.collectMethodsByGroup() took 0 ms.
18:43:40.107 [main] INFO  org.testng.log4testng.Logger.info(Logger.java:112)oggger - [Utils] MethodGroupsHelper.sortMethods() took 0 ms.
18:43:40.108 [main] INFO  org.testng.log4testng.Logger.info(Logger.java:112)oggger - [Utils] MethodGroupsHelper.collectMethodsByGroup() took 0 ms.
18:43:40.108 [main] INFO  org.testng.log4testng.Logger.info(Logger.java:112)oggger - [Utils] MethodGroupsHelper.sortMethods() took 0 ms.
18:43:40.108 [main] INFO  org.testng.log4testng.Logger.info(Logger.java:112)oggger - [Utils] MethodGroupsHelper.collectMethodsByGroup() took 0 ms.
18:43:40.108 [main] INFO  org.testng.log4testng.Logger.info(Logger.java:112)oggger - [Utils] MethodGroupsHelper.sortMethods() took 0 ms.
18:43:40.116 [main] INFO  org.testng.log4testng.Logger.info(Logger.java:112)oggger - [TestNG] Running:
  C:\Users\mayur.kotekar\AppData\Local\Temp\testng-eclipse-146017955\testng-customsuite.xml

18:43:40.143 [main] INFO  org.testng.log4testng.Logger.info(Logger.java:112)oggger - [Utils] DynamicGraphHelper.createDynamicGraph() took 13 ms.
18:44:04.671 [main] INFO  org.testng.log4testng.Logger.info(Logger.java:112)oggger - [TestNG] Time taken by org.testng.reporters.jq.Main@18eec010: 199 ms
18:44:04.711 [main] INFO  org.testng.log4testng.Logger.info(Logger.java:112)oggger - [TestNG] Time taken by org.testng.reporters.FailedReporter@65f58c6e: 40 ms
18:44:04.745 [main] INFO  org.testng.log4testng.Logger.info(Logger.java:112)oggger - [TestNG] Time taken by org.testng.reporters.XMLReporter@5ff2e84b: 33 ms
18:44:04.778 [main] INFO  org.testng.log4testng.Logger.info(Logger.java:112)oggger - [TestNG] Time taken by org.testng.reporters.EmailableReporter2@62ce72ff: 30 ms
18:44:04.798 [main] INFO  org.testng.log4testng.Logger.info(Logger.java:112)oggger - [TestNG] Time taken by org.testng.reporters.JUnitReportReporter@1023150a: 18 ms
18:44:04.798 [main] INFO  org.testng.log4testng.Logger.info(Logger.java:112)oggger - [TestNG] Time taken by org.testng.internal.ExitCodeListener@3ece1e79: 0 ms
18:45:47.262 [main] DEBUG org.testng.log4testng.Logger.debug(Logger.java:82)oggger - suiteXmlPath: "C:\Users\MAYUR~1.KOT\AppData\Local\Temp\testng-eclipse--594102656\testng-customsuite.xml"
18:45:47.531 [main] INFO  org.testng.log4testng.Logger.info(Logger.java:112)oggger - [Utils] MethodGroupsHelper.collectMethodsByGroup() took 1 ms.
18:45:47.535 [main] INFO  org.testng.log4testng.Logger.info(Logger.java:112)oggger - [Utils] MethodGroupsHelper.sortMethods() took 1 ms.
18:45:47.538 [main] INFO  org.testng.log4testng.Logger.info(Logger.java:112)oggger - [Utils] MethodGroupsHelper.collectMethodsByGroup() took 0 ms.
18:45:47.539 [main] INFO  org.testng.log4testng.Logger.info(Logger.java:112)oggger - [Utils] MethodGroupsHelper.sortMethods() took 0 ms.
18:45:47.540 [main] INFO  org.testng.log4testng.Logger.info(Logger.java:112)oggger - [Utils] MethodGroupsHelper.collectMethodsByGroup() took 0 ms.
18:45:47.540 [main] INFO  org.testng.log4testng.Logger.info(Logger.java:112)oggger - [Utils] MethodGroupsHelper.sortMethods() took 0 ms.
18:45:47.540 [main] INFO  org.testng.log4testng.Logger.info(Logger.java:112)oggger - [Utils] MethodGroupsHelper.collectMethodsByGroup() took 0 ms.
18:45:47.540 [main] INFO  org.testng.log4testng.Logger.info(Logger.java:112)oggger - [Utils] MethodGroupsHelper.sortMethods() took 0 ms.
18:45:47.550 [main] INFO  org.testng.log4testng.Logger.info(Logger.java:112)oggger - [Utils] MethodGroupsHelper.collectMethodsByGroup() took 5 ms.
18:45:47.561 [main] INFO  org.testng.log4testng.Logger.info(Logger.java:112)oggger - [Utils] MethodGroupsHelper.sortMethods() took 11 ms.
18:45:47.562 [main] INFO  org.testng.log4testng.Logger.info(Logger.java:112)oggger - [Utils] MethodGroupsHelper.collectMethodsByGroup() took 0 ms.
18:45:47.563 [main] INFO  org.testng.log4testng.Logger.info(Logger.java:112)oggger - [Utils] MethodGroupsHelper.sortMethods() took 0 ms.
18:45:47.563 [main] INFO  org.testng.log4testng.Logger.info(Logger.java:112)oggger - [Utils] MethodGroupsHelper.collectMethodsByGroup() took 0 ms.
18:45:47.563 [main] INFO  org.testng.log4testng.Logger.info(Logger.java:112)oggger - [Utils] MethodGroupsHelper.sortMethods() took 0 ms.
18:45:47.563 [main] INFO  org.testng.log4testng.Logger.info(Logger.java:112)oggger - [Utils] MethodGroupsHelper.collectMethodsByGroup() took 0 ms.
18:45:47.564 [main] INFO  org.testng.log4testng.Logger.info(Logger.java:112)oggger - [Utils] MethodGroupsHelper.sortMethods() took 0 ms.
18:45:47.567 [main] INFO  org.testng.log4testng.Logger.info(Logger.java:112)oggger - [Utils] MethodGroupsHelper.collectMethodsByGroup() took 0 ms.
18:45:47.567 [main] INFO  org.testng.log4testng.Logger.info(Logger.java:112)oggger - [Utils] MethodGroupsHelper.sortMethods() took 0 ms.
18:45:47.568 [main] INFO  org.testng.log4testng.Logger.info(Logger.java:112)oggger - [Utils] MethodGroupsHelper.collectMethodsByGroup() took 0 ms.
18:45:47.568 [main] INFO  org.testng.log4testng.Logger.info(Logger.java:112)oggger - [Utils] MethodGroupsHelper.sortMethods() took 0 ms.
18:45:47.571 [main] INFO  org.testng.log4testng.Logger.info(Logger.java:112)oggger - [Utils] MethodGroupsHelper.collectMethodsByGroup() took 0 ms.
18:45:47.571 [main] INFO  org.testng.log4testng.Logger.info(Logger.java:112)oggger - [Utils] MethodGroupsHelper.sortMethods() took 0 ms.
18:45:47.571 [main] INFO  org.testng.log4testng.Logger.info(Logger.java:112)oggger - [Utils] MethodGroupsHelper.collectMethodsByGroup() took 0 ms.
18:45:47.571 [main] INFO  org.testng.log4testng.Logger.info(Logger.java:112)oggger - [Utils] MethodGroupsHelper.sortMethods() took 0 ms.
18:45:47.573 [main] INFO  org.testng.log4testng.Logger.info(Logger.java:112)oggger - [Utils] MethodGroupsHelper.collectMethodsByGroup() took 1 ms.
18:45:47.573 [main] INFO  org.testng.log4testng.Logger.info(Logger.java:112)oggger - [Utils] MethodGroupsHelper.sortMethods() took 0 ms.
18:45:47.575 [main] INFO  org.testng.log4testng.Logger.info(Logger.java:112)oggger - [Utils] MethodGroupsHelper.collectMethodsByGroup() took 0 ms.
18:45:47.575 [main] INFO  org.testng.log4testng.Logger.info(Logger.java:112)oggger - [Utils] MethodGroupsHelper.sortMethods() took 0 ms.
18:45:47.575 [main] INFO  org.testng.log4testng.Logger.info(Logger.java:112)oggger - [Utils] MethodGroupsHelper.collectMethodsByGroup() took 0 ms.
18:45:47.575 [main] INFO  org.testng.log4testng.Logger.info(Logger.java:112)oggger - [Utils] MethodGroupsHelper.sortMethods() took 0 ms.
18:45:47.582 [main] INFO  org.testng.log4testng.Logger.info(Logger.java:112)oggger - [TestNG] Running:
  C:\Users\mayur.kotekar\AppData\Local\Temp\testng-eclipse--594102656\testng-customsuite.xml

18:45:47.603 [main] INFO  org.testng.log4testng.Logger.info(Logger.java:112)oggger - [Utils] DynamicGraphHelper.createDynamicGraph() took 4 ms.
18:46:18.416 [main] INFO  org.testng.log4testng.Logger.info(Logger.java:112)oggger - [TestNG] Time taken by org.testng.reporters.jq.Main@38018b62: 196 ms
18:46:18.416 [main] INFO  org.testng.log4testng.Logger.info(Logger.java:112)oggger - [TestNG] Time taken by org.testng.reporters.FailedReporter@3533df16: 0 ms
18:46:18.433 [main] INFO  org.testng.log4testng.Logger.info(Logger.java:112)oggger - [TestNG] Time taken by org.testng.reporters.XMLReporter@c1fa7d4: 17 ms
18:46:18.456 [main] INFO  org.testng.log4testng.Logger.info(Logger.java:112)oggger - [TestNG] Time taken by org.testng.reporters.EmailableReporter2@64355120: 23 ms
18:46:18.472 [main] INFO  org.testng.log4testng.Logger.info(Logger.java:112)oggger - [TestNG] Time taken by org.testng.reporters.JUnitReportReporter@6e8a9c30: 16 ms
18:46:18.472 [main] INFO  org.testng.log4testng.Logger.info(Logger.java:112)oggger - [TestNG] Time taken by org.testng.internal.ExitCodeListener@5d01ea21: 0 ms
18:58:57.251 [main] DEBUG org.testng.log4testng.Logger.debug(Logger.java:82)oggger - suiteXmlPath: "C:\Users\MAYUR~1.KOT\AppData\Local\Temp\testng-eclipse-1432500617\testng-customsuite.xml"
18:58:57.637 [main] INFO  org.testng.log4testng.Logger.info(Logger.java:112)oggger - [Utils] MethodGroupsHelper.collectMethodsByGroup() took 2 ms.
18:58:57.640 [main] INFO  org.testng.log4testng.Logger.info(Logger.java:112)oggger - [Utils] MethodGroupsHelper.sortMethods() took 1 ms.
18:58:57.642 [main] INFO  org.testng.log4testng.Logger.info(Logger.java:112)oggger - [Utils] MethodGroupsHelper.collectMethodsByGroup() took 0 ms.
18:58:57.643 [main] INFO  org.testng.log4testng.Logger.info(Logger.java:112)oggger - [Utils] MethodGroupsHelper.sortMethods() took 0 ms.
18:58:57.643 [main] INFO  org.testng.log4testng.Logger.info(Logger.java:112)oggger - [Utils] MethodGroupsHelper.collectMethodsByGroup() took 0 ms.
18:58:57.643 [main] INFO  org.testng.log4testng.Logger.info(Logger.java:112)oggger - [Utils] MethodGroupsHelper.sortMethods() took 0 ms.
18:58:57.644 [main] INFO  org.testng.log4testng.Logger.info(Logger.java:112)oggger - [Utils] MethodGroupsHelper.collectMethodsByGroup() took 0 ms.
18:58:57.644 [main] INFO  org.testng.log4testng.Logger.info(Logger.java:112)oggger - [Utils] MethodGroupsHelper.sortMethods() took 0 ms.
18:58:57.653 [main] INFO  org.testng.log4testng.Logger.info(Logger.java:112)oggger - [Utils] MethodGroupsHelper.collectMethodsByGroup() took 7 ms.
18:58:57.672 [main] INFO  org.testng.log4testng.Logger.info(Logger.java:112)oggger - [Utils] MethodGroupsHelper.sortMethods() took 19 ms.
18:58:57.673 [main] INFO  org.testng.log4testng.Logger.info(Logger.java:112)oggger - [Utils] MethodGroupsHelper.collectMethodsByGroup() took 0 ms.
18:58:57.674 [main] INFO  org.testng.log4testng.Logger.info(Logger.java:112)oggger - [Utils] MethodGroupsHelper.sortMethods() took 0 ms.
18:58:57.674 [main] INFO  org.testng.log4testng.Logger.info(Logger.java:112)oggger - [Utils] MethodGroupsHelper.collectMethodsByGroup() took 0 ms.
18:58:57.674 [main] INFO  org.testng.log4testng.Logger.info(Logger.java:112)oggger - [Utils] MethodGroupsHelper.sortMethods() took 0 ms.
18:58:57.675 [main] INFO  org.testng.log4testng.Logger.info(Logger.java:112)oggger - [Utils] MethodGroupsHelper.collectMethodsByGroup() took 0 ms.
18:58:57.675 [main] INFO  org.testng.log4testng.Logger.info(Logger.java:112)oggger - [Utils] MethodGroupsHelper.sortMethods() took 0 ms.
18:58:57.677 [main] INFO  org.testng.log4testng.Logger.info(Logger.java:112)oggger - [Utils] MethodGroupsHelper.collectMethodsByGroup() took 0 ms.
18:58:57.677 [main] INFO  org.testng.log4testng.Logger.info(Logger.java:112)oggger - [Utils] MethodGroupsHelper.sortMethods() took 0 ms.
18:58:57.677 [main] INFO  org.testng.log4testng.Logger.info(Logger.java:112)oggger - [Utils] MethodGroupsHelper.collectMethodsByGroup() took 0 ms.
18:58:57.678 [main] INFO  org.testng.log4testng.Logger.info(Logger.java:112)oggger - [Utils] MethodGroupsHelper.sortMethods() took 0 ms.
18:58:57.685 [main] INFO  org.testng.log4testng.Logger.info(Logger.java:112)oggger - [Utils] MethodGroupsHelper.collectMethodsByGroup() took 0 ms.
18:58:57.685 [main] INFO  org.testng.log4testng.Logger.info(Logger.java:112)oggger - [Utils] MethodGroupsHelper.sortMethods() took 0 ms.
18:58:57.685 [main] INFO  org.testng.log4testng.Logger.info(Logger.java:112)oggger - [Utils] MethodGroupsHelper.collectMethodsByGroup() took 0 ms.
18:58:57.686 [main] INFO  org.testng.log4testng.Logger.info(Logger.java:112)oggger - [Utils] MethodGroupsHelper.sortMethods() took 0 ms.
18:58:57.687 [main] INFO  org.testng.log4testng.Logger.info(Logger.java:112)oggger - [Utils] MethodGroupsHelper.collectMethodsByGroup() took 0 ms.
18:58:57.687 [main] INFO  org.testng.log4testng.Logger.info(Logger.java:112)oggger - [Utils] MethodGroupsHelper.sortMethods() took 0 ms.
18:58:57.689 [main] INFO  org.testng.log4testng.Logger.info(Logger.java:112)oggger - [Utils] MethodGroupsHelper.collectMethodsByGroup() took 0 ms.
18:58:57.689 [main] INFO  org.testng.log4testng.Logger.info(Logger.java:112)oggger - [Utils] MethodGroupsHelper.sortMethods() took 0 ms.
18:58:57.690 [main] INFO  org.testng.log4testng.Logger.info(Logger.java:112)oggger - [Utils] MethodGroupsHelper.collectMethodsByGroup() took 0 ms.
18:58:57.690 [main] INFO  org.testng.log4testng.Logger.info(Logger.java:112)oggger - [Utils] MethodGroupsHelper.sortMethods() took 0 ms.
18:58:57.699 [main] INFO  org.testng.log4testng.Logger.info(Logger.java:112)oggger - [TestNG] Running:
  C:\Users\mayur.kotekar\AppData\Local\Temp\testng-eclipse-1432500617\testng-customsuite.xml

18:58:57.724 [main] INFO  org.testng.log4testng.Logger.info(Logger.java:112)oggger - [Utils] DynamicGraphHelper.createDynamicGraph() took 6 ms.
18:59:18.293 [main] INFO  org.testng.log4testng.Logger.info(Logger.java:112)oggger - [TestNG] Time taken by org.testng.reporters.jq.Main@2b556bb2: 150 ms
18:59:18.333 [main] INFO  org.testng.log4testng.Logger.info(Logger.java:112)oggger - [TestNG] Time taken by org.testng.reporters.FailedReporter@1f193686: 40 ms
18:59:18.360 [main] INFO  org.testng.log4testng.Logger.info(Logger.java:112)oggger - [TestNG] Time taken by org.testng.reporters.XMLReporter@7c3ebc6b: 27 ms
18:59:18.393 [main] INFO  org.testng.log4testng.Logger.info(Logger.java:112)oggger - [TestNG] Time taken by org.testng.reporters.EmailableReporter2@de18f63: 33 ms
18:59:18.424 [main] INFO  org.testng.log4testng.Logger.info(Logger.java:112)oggger - [TestNG] Time taken by org.testng.reporters.JUnitReportReporter@597f48df: 29 ms
18:59:18.426 [main] INFO  org.testng.log4testng.Logger.info(Logger.java:112)oggger - [TestNG] Time taken by org.testng.internal.ExitCodeListener@15dd5ac2: 0 ms
18:59:49.995 [main] DEBUG org.testng.log4testng.Logger.debug(Logger.java:82)oggger - suiteXmlPath: "C:\Users\MAYUR~1.KOT\AppData\Local\Temp\testng-eclipse--1581344787\testng-customsuite.xml"
18:59:50.427 [main] INFO  org.testng.log4testng.Logger.info(Logger.java:112)oggger - [Utils] MethodGroupsHelper.collectMethodsByGroup() took 5 ms.
18:59:50.436 [main] INFO  org.testng.log4testng.Logger.info(Logger.java:112)oggger - [Utils] MethodGroupsHelper.sortMethods() took 5 ms.
18:59:50.438 [main] INFO  org.testng.log4testng.Logger.info(Logger.java:112)oggger - [Utils] MethodGroupsHelper.collectMethodsByGroup() took 0 ms.
18:59:50.438 [main] INFO  org.testng.log4testng.Logger.info(Logger.java:112)oggger - [Utils] MethodGroupsHelper.sortMethods() took 0 ms.
18:59:50.438 [main] INFO  org.testng.log4testng.Logger.info(Logger.java:112)oggger - [Utils] MethodGroupsHelper.collectMethodsByGroup() took 0 ms.
18:59:50.439 [main] INFO  org.testng.log4testng.Logger.info(Logger.java:112)oggger - [Utils] MethodGroupsHelper.sortMethods() took 0 ms.
18:59:50.439 [main] INFO  org.testng.log4testng.Logger.info(Logger.java:112)oggger - [Utils] MethodGroupsHelper.collectMethodsByGroup() took 0 ms.
18:59:50.439 [main] INFO  org.testng.log4testng.Logger.info(Logger.java:112)oggger - [Utils] MethodGroupsHelper.sortMethods() took 0 ms.
18:59:50.449 [main] INFO  org.testng.log4testng.Logger.info(Logger.java:112)oggger - [Utils] MethodGroupsHelper.collectMethodsByGroup() took 6 ms.
18:59:50.460 [main] INFO  org.testng.log4testng.Logger.info(Logger.java:112)oggger - [Utils] MethodGroupsHelper.sortMethods() took 10 ms.
18:59:50.461 [main] INFO  org.testng.log4testng.Logger.info(Logger.java:112)oggger - [Utils] MethodGroupsHelper.collectMethodsByGroup() took 0 ms.
18:59:50.461 [main] INFO  org.testng.log4testng.Logger.info(Logger.java:112)oggger - [Utils] MethodGroupsHelper.sortMethods() took 0 ms.
18:59:50.464 [main] INFO  org.testng.log4testng.Logger.info(Logger.java:112)oggger - [Utils] MethodGroupsHelper.collectMethodsByGroup() took 0 ms.
18:59:50.465 [main] INFO  org.testng.log4testng.Logger.info(Logger.java:112)oggger - [Utils] MethodGroupsHelper.sortMethods() took 0 ms.
18:59:50.466 [main] INFO  org.testng.log4testng.Logger.info(Logger.java:112)oggger - [Utils] MethodGroupsHelper.collectMethodsByGroup() took 0 ms.
18:59:50.467 [main] INFO  org.testng.log4testng.Logger.info(Logger.java:112)oggger - [Utils] MethodGroupsHelper.sortMethods() took 0 ms.
18:59:50.469 [main] INFO  org.testng.log4testng.Logger.info(Logger.java:112)oggger - [Utils] MethodGroupsHelper.collectMethodsByGroup() took 0 ms.
18:59:50.469 [main] INFO  org.testng.log4testng.Logger.info(Logger.java:112)oggger - [Utils] MethodGroupsHelper.sortMethods() took 0 ms.
18:59:50.470 [main] INFO  org.testng.log4testng.Logger.info(Logger.java:112)oggger - [Utils] MethodGroupsHelper.collectMethodsByGroup() took 0 ms.
18:59:50.470 [main] INFO  org.testng.log4testng.Logger.info(Logger.java:112)oggger - [Utils] MethodGroupsHelper.sortMethods() took 0 ms.
18:59:50.472 [main] INFO  org.testng.log4testng.Logger.info(Logger.java:112)oggger - [Utils] MethodGroupsHelper.collectMethodsByGroup() took 0 ms.
18:59:50.472 [main] INFO  org.testng.log4testng.Logger.info(Logger.java:112)oggger - [Utils] MethodGroupsHelper.sortMethods() took 0 ms.
18:59:50.473 [main] INFO  org.testng.log4testng.Logger.info(Logger.java:112)oggger - [Utils] MethodGroupsHelper.collectMethodsByGroup() took 0 ms.
18:59:50.473 [main] INFO  org.testng.log4testng.Logger.info(Logger.java:112)oggger - [Utils] MethodGroupsHelper.sortMethods() took 0 ms.
18:59:50.477 [main] INFO  org.testng.log4testng.Logger.info(Logger.java:112)oggger - [Utils] MethodGroupsHelper.collectMethodsByGroup() took 0 ms.
18:59:50.478 [main] INFO  org.testng.log4testng.Logger.info(Logger.java:112)oggger - [Utils] MethodGroupsHelper.sortMethods() took 1 ms.
18:59:50.482 [main] INFO  org.testng.log4testng.Logger.info(Logger.java:112)oggger - [Utils] MethodGroupsHelper.collectMethodsByGroup() took 0 ms.
18:59:50.482 [main] INFO  org.testng.log4testng.Logger.info(Logger.java:112)oggger - [Utils] MethodGroupsHelper.sortMethods() took 0 ms.
18:59:50.482 [main] INFO  org.testng.log4testng.Logger.info(Logger.java:112)oggger - [Utils] MethodGroupsHelper.collectMethodsByGroup() took 0 ms.
18:59:50.483 [main] INFO  org.testng.log4testng.Logger.info(Logger.java:112)oggger - [Utils] MethodGroupsHelper.sortMethods() took 0 ms.
18:59:50.493 [main] INFO  org.testng.log4testng.Logger.info(Logger.java:112)oggger - [TestNG] Running:
  C:\Users\mayur.kotekar\AppData\Local\Temp\testng-eclipse--1581344787\testng-customsuite.xml

18:59:50.522 [main] INFO  org.testng.log4testng.Logger.info(Logger.java:112)oggger - [Utils] DynamicGraphHelper.createDynamicGraph() took 3 ms.
19:00:10.243 [main] INFO  org.testng.log4testng.Logger.info(Logger.java:112)oggger - [TestNG] Time taken by org.testng.reporters.jq.Main@2b556bb2: 167 ms
19:00:10.294 [main] INFO  org.testng.log4testng.Logger.info(Logger.java:112)oggger - [TestNG] Time taken by org.testng.reporters.FailedReporter@1f193686: 49 ms
19:00:10.316 [main] INFO  org.testng.log4testng.Logger.info(Logger.java:112)oggger - [TestNG] Time taken by org.testng.reporters.XMLReporter@7c3ebc6b: 22 ms
19:00:10.345 [main] INFO  org.testng.log4testng.Logger.info(Logger.java:112)oggger - [TestNG] Time taken by org.testng.reporters.EmailableReporter2@de18f63: 27 ms
19:00:10.360 [main] INFO  org.testng.log4testng.Logger.info(Logger.java:112)oggger - [TestNG] Time taken by org.testng.reporters.JUnitReportReporter@597f48df: 15 ms
19:00:10.363 [main] INFO  org.testng.log4testng.Logger.info(Logger.java:112)oggger - [TestNG] Time taken by org.testng.internal.ExitCodeListener@15dd5ac2: 0 ms
19:00:54.085 [main] DEBUG org.testng.log4testng.Logger.debug(Logger.java:82)oggger - suiteXmlPath: "C:\Users\MAYUR~1.KOT\AppData\Local\Temp\testng-eclipse--1833832010\testng-customsuite.xml"
19:00:54.402 [main] INFO  org.testng.log4testng.Logger.info(Logger.java:112)oggger - [Utils] MethodGroupsHelper.collectMethodsByGroup() took 1 ms.
19:00:54.405 [main] INFO  org.testng.log4testng.Logger.info(Logger.java:112)oggger - [Utils] MethodGroupsHelper.sortMethods() took 1 ms.
19:00:54.408 [main] INFO  org.testng.log4testng.Logger.info(Logger.java:112)oggger - [Utils] MethodGroupsHelper.collectMethodsByGroup() took 0 ms.
19:00:54.408 [main] INFO  org.testng.log4testng.Logger.info(Logger.java:112)oggger - [Utils] MethodGroupsHelper.sortMethods() took 0 ms.
19:00:54.410 [main] INFO  org.testng.log4testng.Logger.info(Logger.java:112)oggger - [Utils] MethodGroupsHelper.collectMethodsByGroup() took 0 ms.
19:00:54.410 [main] INFO  org.testng.log4testng.Logger.info(Logger.java:112)oggger - [Utils] MethodGroupsHelper.sortMethods() took 0 ms.
19:00:54.411 [main] INFO  org.testng.log4testng.Logger.info(Logger.java:112)oggger - [Utils] MethodGroupsHelper.collectMethodsByGroup() took 0 ms.
19:00:54.411 [main] INFO  org.testng.log4testng.Logger.info(Logger.java:112)oggger - [Utils] MethodGroupsHelper.sortMethods() took 0 ms.
19:00:54.417 [main] INFO  org.testng.log4testng.Logger.info(Logger.java:112)oggger - [Utils] MethodGroupsHelper.collectMethodsByGroup() took 2 ms.
19:00:54.428 [main] INFO  org.testng.log4testng.Logger.info(Logger.java:112)oggger - [Utils] MethodGroupsHelper.sortMethods() took 11 ms.
19:00:54.429 [main] INFO  org.testng.log4testng.Logger.info(Logger.java:112)oggger - [Utils] MethodGroupsHelper.collectMethodsByGroup() took 0 ms.
19:00:54.430 [main] INFO  org.testng.log4testng.Logger.info(Logger.java:112)oggger - [Utils] MethodGroupsHelper.sortMethods() took 0 ms.
19:00:54.430 [main] INFO  org.testng.log4testng.Logger.info(Logger.java:112)oggger - [Utils] MethodGroupsHelper.collectMethodsByGroup() took 0 ms.
19:00:54.431 [main] INFO  org.testng.log4testng.Logger.info(Logger.java:112)oggger - [Utils] MethodGroupsHelper.sortMethods() took 0 ms.
19:00:54.431 [main] INFO  org.testng.log4testng.Logger.info(Logger.java:112)oggger - [Utils] MethodGroupsHelper.collectMethodsByGroup() took 0 ms.
19:00:54.432 [main] INFO  org.testng.log4testng.Logger.info(Logger.java:112)oggger - [Utils] MethodGroupsHelper.sortMethods() took 0 ms.
19:00:54.434 [main] INFO  org.testng.log4testng.Logger.info(Logger.java:112)oggger - [Utils] MethodGroupsHelper.collectMethodsByGroup() took 0 ms.
19:00:54.434 [main] INFO  org.testng.log4testng.Logger.info(Logger.java:112)oggger - [Utils] MethodGroupsHelper.sortMethods() took 0 ms.
19:00:54.434 [main] INFO  org.testng.log4testng.Logger.info(Logger.java:112)oggger - [Utils] MethodGroupsHelper.collectMethodsByGroup() took 0 ms.
19:00:54.435 [main] INFO  org.testng.log4testng.Logger.info(Logger.java:112)oggger - [Utils] MethodGroupsHelper.sortMethods() took 0 ms.
19:00:54.438 [main] INFO  org.testng.log4testng.Logger.info(Logger.java:112)oggger - [Utils] MethodGroupsHelper.collectMethodsByGroup() took 0 ms.
19:00:54.438 [main] INFO  org.testng.log4testng.Logger.info(Logger.java:112)oggger - [Utils] MethodGroupsHelper.sortMethods() took 0 ms.
19:00:54.439 [main] INFO  org.testng.log4testng.Logger.info(Logger.java:112)oggger - [Utils] MethodGroupsHelper.collectMethodsByGroup() took 0 ms.
19:00:54.439 [main] INFO  org.testng.log4testng.Logger.info(Logger.java:112)oggger - [Utils] MethodGroupsHelper.sortMethods() took 0 ms.
19:00:54.442 [main] INFO  org.testng.log4testng.Logger.info(Logger.java:112)oggger - [Utils] MethodGroupsHelper.collectMethodsByGroup() took 1 ms.
19:00:54.443 [main] INFO  org.testng.log4testng.Logger.info(Logger.java:112)oggger - [Utils] MethodGroupsHelper.sortMethods() took 0 ms.
19:00:54.444 [main] INFO  org.testng.log4testng.Logger.info(Logger.java:112)oggger - [Utils] MethodGroupsHelper.collectMethodsByGroup() took 0 ms.
19:00:54.444 [main] INFO  org.testng.log4testng.Logger.info(Logger.java:112)oggger - [Utils] MethodGroupsHelper.sortMethods() took 0 ms.
19:00:54.444 [main] INFO  org.testng.log4testng.Logger.info(Logger.java:112)oggger - [Utils] MethodGroupsHelper.collectMethodsByGroup() took 0 ms.
19:00:54.444 [main] INFO  org.testng.log4testng.Logger.info(Logger.java:112)oggger - [Utils] MethodGroupsHelper.sortMethods() took 0 ms.
19:00:54.455 [main] INFO  org.testng.log4testng.Logger.info(Logger.java:112)oggger - [TestNG] Running:
  C:\Users\mayur.kotekar\AppData\Local\Temp\testng-eclipse--1833832010\testng-customsuite.xml

19:00:54.479 [main] INFO  org.testng.log4testng.Logger.info(Logger.java:112)oggger - [Utils] DynamicGraphHelper.createDynamicGraph() took 5 ms.
19:01:34.074 [main] INFO  org.testng.log4testng.Logger.info(Logger.java:112)oggger - [TestNG] Time taken by org.testng.reporters.jq.Main@3533df16: 197 ms
19:01:34.079 [main] INFO  org.testng.log4testng.Logger.info(Logger.java:112)oggger - [TestNG] Time taken by org.testng.reporters.FailedReporter@14ac77b9: 5 ms
19:01:34.104 [main] INFO  org.testng.log4testng.Logger.info(Logger.java:112)oggger - [TestNG] Time taken by org.testng.reporters.XMLReporter@bd1111a: 23 ms
19:01:34.115 [main] INFO  org.testng.log4testng.Logger.info(Logger.java:112)oggger - [TestNG] Time taken by org.testng.reporters.EmailableReporter2@7f92b990: 11 ms
19:01:34.135 [main] INFO  org.testng.log4testng.Logger.info(Logger.java:112)oggger - [TestNG] Time taken by org.testng.reporters.JUnitReportReporter@3b46dd8: 20 ms
19:01:34.135 [main] INFO  org.testng.log4testng.Logger.info(Logger.java:112)oggger - [TestNG] Time taken by org.testng.internal.ExitCodeListener@39651a82: 0 ms
08:41:05.219 [main] DEBUG org.testng.log4testng.Logger.debug(Logger.java:82)oggger - suiteXmlPath: "C:\Users\MAYUR~1.KOT\AppData\Local\Temp\testng-eclipse--1499929281\testng-customsuite.xml"
08:41:05.481 [main] INFO  org.testng.log4testng.Logger.info(Logger.java:112)oggger - [Utils] MethodGroupsHelper.collectMethodsByGroup() took 1 ms.
08:41:05.483 [main] INFO  org.testng.log4testng.Logger.info(Logger.java:112)oggger - [Utils] MethodGroupsHelper.sortMethods() took 0 ms.
08:41:05.485 [main] INFO  org.testng.log4testng.Logger.info(Logger.java:112)oggger - [Utils] MethodGroupsHelper.collectMethodsByGroup() took 0 ms.
08:41:05.485 [main] INFO  org.testng.log4testng.Logger.info(Logger.java:112)oggger - [Utils] MethodGroupsHelper.sortMethods() took 0 ms.
08:41:05.485 [main] INFO  org.testng.log4testng.Logger.info(Logger.java:112)oggger - [Utils] MethodGroupsHelper.collectMethodsByGroup() took 0 ms.
08:41:05.485 [main] INFO  org.testng.log4testng.Logger.info(Logger.java:112)oggger - [Utils] MethodGroupsHelper.sortMethods() took 0 ms.
08:41:05.486 [main] INFO  org.testng.log4testng.Logger.info(Logger.java:112)oggger - [Utils] MethodGroupsHelper.collectMethodsByGroup() took 0 ms.
08:41:05.486 [main] INFO  org.testng.log4testng.Logger.info(Logger.java:112)oggger - [Utils] MethodGroupsHelper.sortMethods() took 0 ms.
08:41:05.490 [main] INFO  org.testng.log4testng.Logger.info(Logger.java:112)oggger - [Utils] MethodGroupsHelper.collectMethodsByGroup() took 2 ms.
08:41:05.502 [main] INFO  org.testng.log4testng.Logger.info(Logger.java:112)oggger - [Utils] MethodGroupsHelper.sortMethods() took 11 ms.
08:41:05.503 [main] INFO  org.testng.log4testng.Logger.info(Logger.java:112)oggger - [Utils] MethodGroupsHelper.collectMethodsByGroup() took 0 ms.
08:41:05.504 [main] INFO  org.testng.log4testng.Logger.info(Logger.java:112)oggger - [Utils] MethodGroupsHelper.sortMethods() took 0 ms.
08:41:05.504 [main] INFO  org.testng.log4testng.Logger.info(Logger.java:112)oggger - [Utils] MethodGroupsHelper.collectMethodsByGroup() took 0 ms.
08:41:05.505 [main] INFO  org.testng.log4testng.Logger.info(Logger.java:112)oggger - [Utils] MethodGroupsHelper.sortMethods() took 0 ms.
08:41:05.505 [main] INFO  org.testng.log4testng.Logger.info(Logger.java:112)oggger - [Utils] MethodGroupsHelper.collectMethodsByGroup() took 0 ms.
08:41:05.505 [main] INFO  org.testng.log4testng.Logger.info(Logger.java:112)oggger - [Utils] MethodGroupsHelper.sortMethods() took 0 ms.
08:41:05.506 [main] INFO  org.testng.log4testng.Logger.info(Logger.java:112)oggger - [Utils] MethodGroupsHelper.collectMethodsByGroup() took 0 ms.
08:41:05.507 [main] INFO  org.testng.log4testng.Logger.info(Logger.java:112)oggger - [Utils] MethodGroupsHelper.sortMethods() took 0 ms.
08:41:05.507 [main] INFO  org.testng.log4testng.Logger.info(Logger.java:112)oggger - [Utils] MethodGroupsHelper.collectMethodsByGroup() took 0 ms.
08:41:05.507 [main] INFO  org.testng.log4testng.Logger.info(Logger.java:112)oggger - [Utils] MethodGroupsHelper.sortMethods() took 0 ms.
08:41:05.510 [main] INFO  org.testng.log4testng.Logger.info(Logger.java:112)oggger - [Utils] MethodGroupsHelper.collectMethodsByGroup() took 0 ms.
08:41:05.510 [main] INFO  org.testng.log4testng.Logger.info(Logger.java:112)oggger - [Utils] MethodGroupsHelper.sortMethods() took 0 ms.
08:41:05.510 [main] INFO  org.testng.log4testng.Logger.info(Logger.java:112)oggger - [Utils] MethodGroupsHelper.collectMethodsByGroup() took 0 ms.
08:41:05.510 [main] INFO  org.testng.log4testng.Logger.info(Logger.java:112)oggger - [Utils] MethodGroupsHelper.sortMethods() took 0 ms.
08:41:05.512 [main] INFO  org.testng.log4testng.Logger.info(Logger.java:112)oggger - [Utils] MethodGroupsHelper.collectMethodsByGroup() took 0 ms.
08:41:05.512 [main] INFO  org.testng.log4testng.Logger.info(Logger.java:112)oggger - [Utils] MethodGroupsHelper.sortMethods() took 0 ms.
08:41:05.513 [main] INFO  org.testng.log4testng.Logger.info(Logger.java:112)oggger - [Utils] MethodGroupsHelper.collectMethodsByGroup() took 0 ms.
08:41:05.513 [main] INFO  org.testng.log4testng.Logger.info(Logger.java:112)oggger - [Utils] MethodGroupsHelper.sortMethods() took 0 ms.
08:41:05.514 [main] INFO  org.testng.log4testng.Logger.info(Logger.java:112)oggger - [Utils] MethodGroupsHelper.collectMethodsByGroup() took 0 ms.
08:41:05.514 [main] INFO  org.testng.log4testng.Logger.info(Logger.java:112)oggger - [Utils] MethodGroupsHelper.sortMethods() took 0 ms.
08:41:05.521 [main] INFO  org.testng.log4testng.Logger.info(Logger.java:112)oggger - [TestNG] Running:
  C:\Users\mayur.kotekar\AppData\Local\Temp\testng-eclipse--1499929281\testng-customsuite.xml

08:41:05.541 [main] INFO  org.testng.log4testng.Logger.info(Logger.java:112)oggger - [Utils] DynamicGraphHelper.createDynamicGraph() took 4 ms.
08:41:43.302 [main] INFO  org.testng.log4testng.Logger.info(Logger.java:112)oggger - [TestNG] Time taken by org.testng.reporters.jq.Main@23811a09: 205 ms
08:41:43.361 [main] INFO  org.testng.log4testng.Logger.info(Logger.java:112)oggger - [TestNG] Time taken by org.testng.reporters.FailedReporter@6eaa21d8: 59 ms
08:41:43.394 [main] INFO  org.testng.log4testng.Logger.info(Logger.java:112)oggger - [TestNG] Time taken by org.testng.reporters.XMLReporter@58e92c23: 33 ms
08:41:43.428 [main] INFO  org.testng.log4testng.Logger.info(Logger.java:112)oggger - [TestNG] Time taken by org.testng.reporters.EmailableReporter2@50acf55d: 32 ms
08:41:43.459 [main] INFO  org.testng.log4testng.Logger.info(Logger.java:112)oggger - [TestNG] Time taken by org.testng.reporters.JUnitReportReporter@7ae9a33a: 31 ms
08:41:43.459 [main] INFO  org.testng.log4testng.Logger.info(Logger.java:112)oggger - [TestNG] Time taken by org.testng.internal.ExitCodeListener@301aa982: 0 ms
08:45:39.764 [main] DEBUG org.testng.log4testng.Logger.debug(Logger.java:82)oggger - suiteXmlPath: "C:\Users\MAYUR~1.KOT\AppData\Local\Temp\testng-eclipse--1030937341\testng-customsuite.xml"
08:45:40.007 [main] INFO  org.testng.log4testng.Logger.info(Logger.java:112)oggger - [Utils] MethodGroupsHelper.collectMethodsByGroup() took 1 ms.
08:45:40.010 [main] INFO  org.testng.log4testng.Logger.info(Logger.java:112)oggger - [Utils] MethodGroupsHelper.sortMethods() took 1 ms.
08:45:40.011 [main] INFO  org.testng.log4testng.Logger.info(Logger.java:112)oggger - [Utils] MethodGroupsHelper.collectMethodsByGroup() took 0 ms.
08:45:40.012 [main] INFO  org.testng.log4testng.Logger.info(Logger.java:112)oggger - [Utils] MethodGroupsHelper.sortMethods() took 0 ms.
08:45:40.012 [main] INFO  org.testng.log4testng.Logger.info(Logger.java:112)oggger - [Utils] MethodGroupsHelper.collectMethodsByGroup() took 0 ms.
08:45:40.013 [main] INFO  org.testng.log4testng.Logger.info(Logger.java:112)oggger - [Utils] MethodGroupsHelper.sortMethods() took 0 ms.
08:45:40.014 [main] INFO  org.testng.log4testng.Logger.info(Logger.java:112)oggger - [Utils] MethodGroupsHelper.collectMethodsByGroup() took 0 ms.
08:45:40.014 [main] INFO  org.testng.log4testng.Logger.info(Logger.java:112)oggger - [Utils] MethodGroupsHelper.sortMethods() took 0 ms.
08:45:40.018 [main] INFO  org.testng.log4testng.Logger.info(Logger.java:112)oggger - [Utils] MethodGroupsHelper.collectMethodsByGroup() took 3 ms.
08:45:40.029 [main] INFO  org.testng.log4testng.Logger.info(Logger.java:112)oggger - [Utils] MethodGroupsHelper.sortMethods() took 10 ms.
08:45:40.030 [main] INFO  org.testng.log4testng.Logger.info(Logger.java:112)oggger - [Utils] MethodGroupsHelper.collectMethodsByGroup() took 0 ms.
08:45:40.030 [main] INFO  org.testng.log4testng.Logger.info(Logger.java:112)oggger - [Utils] MethodGroupsHelper.sortMethods() took 0 ms.
08:45:40.031 [main] INFO  org.testng.log4testng.Logger.info(Logger.java:112)oggger - [Utils] MethodGroupsHelper.collectMethodsByGroup() took 0 ms.
08:45:40.031 [main] INFO  org.testng.log4testng.Logger.info(Logger.java:112)oggger - [Utils] MethodGroupsHelper.sortMethods() took 0 ms.
08:45:40.031 [main] INFO  org.testng.log4testng.Logger.info(Logger.java:112)oggger - [Utils] MethodGroupsHelper.collectMethodsByGroup() took 0 ms.
08:45:40.032 [main] INFO  org.testng.log4testng.Logger.info(Logger.java:112)oggger - [Utils] MethodGroupsHelper.sortMethods() took 0 ms.
08:45:40.033 [main] INFO  org.testng.log4testng.Logger.info(Logger.java:112)oggger - [Utils] MethodGroupsHelper.collectMethodsByGroup() took 0 ms.
08:45:40.033 [main] INFO  org.testng.log4testng.Logger.info(Logger.java:112)oggger - [Utils] MethodGroupsHelper.sortMethods() took 0 ms.
08:45:40.034 [main] INFO  org.testng.log4testng.Logger.info(Logger.java:112)oggger - [Utils] MethodGroupsHelper.collectMethodsByGroup() took 0 ms.
08:45:40.034 [main] INFO  org.testng.log4testng.Logger.info(Logger.java:112)oggger - [Utils] MethodGroupsHelper.sortMethods() took 0 ms.
08:45:40.036 [main] INFO  org.testng.log4testng.Logger.info(Logger.java:112)oggger - [Utils] MethodGroupsHelper.collectMethodsByGroup() took 0 ms.
08:45:40.036 [main] INFO  org.testng.log4testng.Logger.info(Logger.java:112)oggger - [Utils] MethodGroupsHelper.sortMethods() took 0 ms.
08:45:40.037 [main] INFO  org.testng.log4testng.Logger.info(Logger.java:112)oggger - [Utils] MethodGroupsHelper.collectMethodsByGroup() took 0 ms.
08:45:40.037 [main] INFO  org.testng.log4testng.Logger.info(Logger.java:112)oggger - [Utils] MethodGroupsHelper.sortMethods() took 0 ms.
08:45:40.038 [main] INFO  org.testng.log4testng.Logger.info(Logger.java:112)oggger - [Utils] MethodGroupsHelper.collectMethodsByGroup() took 0 ms.
08:45:40.038 [main] INFO  org.testng.log4testng.Logger.info(Logger.java:112)oggger - [Utils] MethodGroupsHelper.sortMethods() took 0 ms.
08:45:40.040 [main] INFO  org.testng.log4testng.Logger.info(Logger.java:112)oggger - [Utils] MethodGroupsHelper.collectMethodsByGroup() took 0 ms.
08:45:40.040 [main] INFO  org.testng.log4testng.Logger.info(Logger.java:112)oggger - [Utils] MethodGroupsHelper.sortMethods() took 0 ms.
08:45:40.040 [main] INFO  org.testng.log4testng.Logger.info(Logger.java:112)oggger - [Utils] MethodGroupsHelper.collectMethodsByGroup() took 0 ms.
08:45:40.040 [main] INFO  org.testng.log4testng.Logger.info(Logger.java:112)oggger - [Utils] MethodGroupsHelper.sortMethods() took 0 ms.
08:45:40.048 [main] INFO  org.testng.log4testng.Logger.info(Logger.java:112)oggger - [TestNG] Running:
  C:\Users\mayur.kotekar\AppData\Local\Temp\testng-eclipse--1030937341\testng-customsuite.xml

08:45:40.072 [main] INFO  org.testng.log4testng.Logger.info(Logger.java:112)oggger - [Utils] DynamicGraphHelper.createDynamicGraph() took 9 ms.
08:46:17.033 [main] INFO  org.testng.log4testng.Logger.info(Logger.java:112)oggger - [TestNG] Time taken by org.testng.reporters.jq.Main@c6634d: 216 ms
08:46:17.033 [main] INFO  org.testng.log4testng.Logger.info(Logger.java:112)oggger - [TestNG] Time taken by org.testng.reporters.FailedReporter@4ba380c7: 0 ms
08:46:17.066 [main] INFO  org.testng.log4testng.Logger.info(Logger.java:112)oggger - [TestNG] Time taken by org.testng.reporters.XMLReporter@4cb0a000: 33 ms
08:46:17.093 [main] INFO  org.testng.log4testng.Logger.info(Logger.java:112)oggger - [TestNG] Time taken by org.testng.reporters.EmailableReporter2@2bef09c0: 27 ms
08:46:17.109 [main] INFO  org.testng.log4testng.Logger.info(Logger.java:112)oggger - [TestNG] Time taken by org.testng.reporters.JUnitReportReporter@69e49a81: 16 ms
08:46:17.109 [main] INFO  org.testng.log4testng.Logger.info(Logger.java:112)oggger - [TestNG] Time taken by org.testng.internal.ExitCodeListener@1023150a: 0 ms
09:29:38.765 [main] DEBUG org.testng.log4testng.Logger.debug(Logger.java:82)oggger - suiteXmlPath: "C:\Users\MAYUR~1.KOT\AppData\Local\Temp\testng-eclipse-2066460395\testng-customsuite.xml"
09:29:39.186 [main] INFO  org.testng.log4testng.Logger.info(Logger.java:112)oggger - [Utils] MethodGroupsHelper.collectMethodsByGroup() took 1 ms.
09:29:39.191 [main] INFO  org.testng.log4testng.Logger.info(Logger.java:112)oggger - [Utils] MethodGroupsHelper.sortMethods() took 3 ms.
09:29:39.194 [main] INFO  org.testng.log4testng.Logger.info(Logger.java:112)oggger - [Utils] MethodGroupsHelper.collectMethodsByGroup() took 0 ms.
09:29:39.194 [main] INFO  org.testng.log4testng.Logger.info(Logger.java:112)oggger - [Utils] MethodGroupsHelper.sortMethods() took 0 ms.
09:29:39.195 [main] INFO  org.testng.log4testng.Logger.info(Logger.java:112)oggger - [Utils] MethodGroupsHelper.collectMethodsByGroup() took 0 ms.
09:29:39.196 [main] INFO  org.testng.log4testng.Logger.info(Logger.java:112)oggger - [Utils] MethodGroupsHelper.sortMethods() took 0 ms.
09:29:39.196 [main] INFO  org.testng.log4testng.Logger.info(Logger.java:112)oggger - [Utils] MethodGroupsHelper.collectMethodsByGroup() took 0 ms.
09:29:39.197 [main] INFO  org.testng.log4testng.Logger.info(Logger.java:112)oggger - [Utils] MethodGroupsHelper.sortMethods() took 0 ms.
09:29:39.206 [main] INFO  org.testng.log4testng.Logger.info(Logger.java:112)oggger - [Utils] MethodGroupsHelper.collectMethodsByGroup() took 6 ms.
09:29:39.224 [main] INFO  org.testng.log4testng.Logger.info(Logger.java:112)oggger - [Utils] MethodGroupsHelper.sortMethods() took 17 ms.
09:29:39.225 [main] INFO  org.testng.log4testng.Logger.info(Logger.java:112)oggger - [Utils] MethodGroupsHelper.collectMethodsByGroup() took 0 ms.
09:29:39.225 [main] INFO  org.testng.log4testng.Logger.info(Logger.java:112)oggger - [Utils] MethodGroupsHelper.sortMethods() took 0 ms.
09:29:39.226 [main] INFO  org.testng.log4testng.Logger.info(Logger.java:112)oggger - [Utils] MethodGroupsHelper.collectMethodsByGroup() took 0 ms.
09:29:39.226 [main] INFO  org.testng.log4testng.Logger.info(Logger.java:112)oggger - [Utils] MethodGroupsHelper.sortMethods() took 0 ms.
09:29:39.227 [main] INFO  org.testng.log4testng.Logger.info(Logger.java:112)oggger - [Utils] MethodGroupsHelper.collectMethodsByGroup() took 0 ms.
09:29:39.227 [main] INFO  org.testng.log4testng.Logger.info(Logger.java:112)oggger - [Utils] MethodGroupsHelper.sortMethods() took 0 ms.
09:29:39.229 [main] INFO  org.testng.log4testng.Logger.info(Logger.java:112)oggger - [Utils] MethodGroupsHelper.collectMethodsByGroup() took 0 ms.
09:29:39.229 [main] INFO  org.testng.log4testng.Logger.info(Logger.java:112)oggger - [Utils] MethodGroupsHelper.sortMethods() took 0 ms.
09:29:39.230 [main] INFO  org.testng.log4testng.Logger.info(Logger.java:112)oggger - [Utils] MethodGroupsHelper.collectMethodsByGroup() took 0 ms.
09:29:39.230 [main] INFO  org.testng.log4testng.Logger.info(Logger.java:112)oggger - [Utils] MethodGroupsHelper.sortMethods() took 0 ms.
09:29:39.234 [main] INFO  org.testng.log4testng.Logger.info(Logger.java:112)oggger - [Utils] MethodGroupsHelper.collectMethodsByGroup() took 0 ms.
09:29:39.235 [main] INFO  org.testng.log4testng.Logger.info(Logger.java:112)oggger - [Utils] MethodGroupsHelper.sortMethods() took 0 ms.
09:29:39.235 [main] INFO  org.testng.log4testng.Logger.info(Logger.java:112)oggger - [Utils] MethodGroupsHelper.collectMethodsByGroup() took 0 ms.
09:29:39.235 [main] INFO  org.testng.log4testng.Logger.info(Logger.java:112)oggger - [Utils] MethodGroupsHelper.sortMethods() took 0 ms.
09:29:39.238 [main] INFO  org.testng.log4testng.Logger.info(Logger.java:112)oggger - [Utils] MethodGroupsHelper.collectMethodsByGroup() took 0 ms.
09:29:39.238 [main] INFO  org.testng.log4testng.Logger.info(Logger.java:112)oggger - [Utils] MethodGroupsHelper.sortMethods() took 0 ms.
09:29:39.240 [main] INFO  org.testng.log4testng.Logger.info(Logger.java:112)oggger - [Utils] MethodGroupsHelper.collectMethodsByGroup() took 0 ms.
09:29:39.240 [main] INFO  org.testng.log4testng.Logger.info(Logger.java:112)oggger - [Utils] MethodGroupsHelper.sortMethods() took 0 ms.
09:29:39.240 [main] INFO  org.testng.log4testng.Logger.info(Logger.java:112)oggger - [Utils] MethodGroupsHelper.collectMethodsByGroup() took 0 ms.
09:29:39.240 [main] INFO  org.testng.log4testng.Logger.info(Logger.java:112)oggger - [Utils] MethodGroupsHelper.sortMethods() took 0 ms.
09:29:39.255 [main] INFO  org.testng.log4testng.Logger.info(Logger.java:112)oggger - [TestNG] Running:
  C:\Users\mayur.kotekar\AppData\Local\Temp\testng-eclipse-2066460395\testng-customsuite.xml

09:29:39.291 [main] INFO  org.testng.log4testng.Logger.info(Logger.java:112)oggger - [Utils] DynamicGraphHelper.createDynamicGraph() took 10 ms.
09:29:53.663 [main] INFO  TestCases.TC001_CreateAccountTest.verify_CreateAccount(TC001_CreateAccountTest.java:14)oggger - ******* Starting TC001_CreateAccountTest  *******
09:29:56.305 [main] INFO  TestCases.TC001_CreateAccountTest.verify_CreateAccount(TC001_CreateAccountTest.java:28)oggger - Providing customer details...
09:30:10.374 [main] INFO  TestCases.TC001_CreateAccountTest.verify_CreateAccount(TC001_CreateAccountTest.java:43)oggger - Onboarded Successfully
09:30:10.374 [main] INFO  TestCases.TC001_CreateAccountTest.verify_CreateAccount(TC001_CreateAccountTest.java:52)oggger - *****Finish TC001_CreateAccountTest  *******
09:30:10.675 [main] INFO  org.testng.log4testng.Logger.info(Logger.java:112)oggger - [TestNG] Time taken by org.testng.reporters.jq.Main@c6634d: 214 ms
09:30:10.675 [main] INFO  org.testng.log4testng.Logger.info(Logger.java:112)oggger - [TestNG] Time taken by org.testng.reporters.FailedReporter@4ba380c7: 0 ms
09:30:10.697 [main] INFO  org.testng.log4testng.Logger.info(Logger.java:112)oggger - [TestNG] Time taken by org.testng.reporters.XMLReporter@4cb0a000: 20 ms
09:30:10.709 [main] INFO  org.testng.log4testng.Logger.info(Logger.java:112)oggger - [TestNG] Time taken by org.testng.reporters.EmailableReporter2@2bef09c0: 12 ms
09:30:10.725 [main] INFO  org.testng.log4testng.Logger.info(Logger.java:112)oggger - [TestNG] Time taken by org.testng.reporters.JUnitReportReporter@69e49a81: 16 ms
09:30:10.725 [main] INFO  org.testng.log4testng.Logger.info(Logger.java:112)oggger - [TestNG] Time taken by org.testng.internal.ExitCodeListener@1023150a: 0 ms
09:39:45.454 [main] DEBUG org.testng.log4testng.Logger.debug(Logger.java:82)oggger - suiteXmlPath: "C:\Users\MAYUR~1.KOT\AppData\Local\Temp\testng-eclipse--892951001\testng-customsuite.xml"
09:39:45.666 [main] INFO  org.testng.log4testng.Logger.info(Logger.java:112)oggger - [Utils] MethodGroupsHelper.collectMethodsByGroup() took 1 ms.
09:39:45.668 [main] INFO  org.testng.log4testng.Logger.info(Logger.java:112)oggger - [Utils] MethodGroupsHelper.sortMethods() took 1 ms.
09:39:45.670 [main] INFO  org.testng.log4testng.Logger.info(Logger.java:112)oggger - [Utils] MethodGroupsHelper.collectMethodsByGroup() took 0 ms.
09:39:45.670 [main] INFO  org.testng.log4testng.Logger.info(Logger.java:112)oggger - [Utils] MethodGroupsHelper.sortMethods() took 0 ms.
09:39:45.671 [main] INFO  org.testng.log4testng.Logger.info(Logger.java:112)oggger - [Utils] MethodGroupsHelper.collectMethodsByGroup() took 0 ms.
09:39:45.671 [main] INFO  org.testng.log4testng.Logger.info(Logger.java:112)oggger - [Utils] MethodGroupsHelper.sortMethods() took 0 ms.
09:39:45.671 [main] INFO  org.testng.log4testng.Logger.info(Logger.java:112)oggger - [Utils] MethodGroupsHelper.collectMethodsByGroup() took 0 ms.
09:39:45.671 [main] INFO  org.testng.log4testng.Logger.info(Logger.java:112)oggger - [Utils] MethodGroupsHelper.sortMethods() took 0 ms.
09:39:45.675 [main] INFO  org.testng.log4testng.Logger.info(Logger.java:112)oggger - [Utils] MethodGroupsHelper.collectMethodsByGroup() took 1 ms.
09:39:45.684 [main] INFO  org.testng.log4testng.Logger.info(Logger.java:112)oggger - [Utils] MethodGroupsHelper.sortMethods() took 9 ms.
09:39:45.685 [main] INFO  org.testng.log4testng.Logger.info(Logger.java:112)oggger - [Utils] MethodGroupsHelper.collectMethodsByGroup() took 0 ms.
09:39:45.685 [main] INFO  org.testng.log4testng.Logger.info(Logger.java:112)oggger - [Utils] MethodGroupsHelper.sortMethods() took 0 ms.
09:39:45.686 [main] INFO  org.testng.log4testng.Logger.info(Logger.java:112)oggger - [Utils] MethodGroupsHelper.collectMethodsByGroup() took 0 ms.
09:39:45.686 [main] INFO  org.testng.log4testng.Logger.info(Logger.java:112)oggger - [Utils] MethodGroupsHelper.sortMethods() took 0 ms.
09:39:45.686 [main] INFO  org.testng.log4testng.Logger.info(Logger.java:112)oggger - [Utils] MethodGroupsHelper.collectMethodsByGroup() took 0 ms.
09:39:45.686 [main] INFO  org.testng.log4testng.Logger.info(Logger.java:112)oggger - [Utils] MethodGroupsHelper.sortMethods() took 0 ms.
09:39:45.688 [main] INFO  org.testng.log4testng.Logger.info(Logger.java:112)oggger - [Utils] MethodGroupsHelper.collectMethodsByGroup() took 0 ms.
09:39:45.688 [main] INFO  org.testng.log4testng.Logger.info(Logger.java:112)oggger - [Utils] MethodGroupsHelper.sortMethods() took 0 ms.
09:39:45.688 [main] INFO  org.testng.log4testng.Logger.info(Logger.java:112)oggger - [Utils] MethodGroupsHelper.collectMethodsByGroup() took 0 ms.
09:39:45.688 [main] INFO  org.testng.log4testng.Logger.info(Logger.java:112)oggger - [Utils] MethodGroupsHelper.sortMethods() took 0 ms.
09:39:45.690 [main] INFO  org.testng.log4testng.Logger.info(Logger.java:112)oggger - [Utils] MethodGroupsHelper.collectMethodsByGroup() took 0 ms.
09:39:45.690 [main] INFO  org.testng.log4testng.Logger.info(Logger.java:112)oggger - [Utils] MethodGroupsHelper.sortMethods() took 0 ms.
09:39:45.690 [main] INFO  org.testng.log4testng.Logger.info(Logger.java:112)oggger - [Utils] MethodGroupsHelper.collectMethodsByGroup() took 0 ms.
09:39:45.691 [main] INFO  org.testng.log4testng.Logger.info(Logger.java:112)oggger - [Utils] MethodGroupsHelper.sortMethods() took 0 ms.
09:39:45.692 [main] INFO  org.testng.log4testng.Logger.info(Logger.java:112)oggger - [Utils] MethodGroupsHelper.collectMethodsByGroup() took 0 ms.
09:39:45.692 [main] INFO  org.testng.log4testng.Logger.info(Logger.java:112)oggger - [Utils] MethodGroupsHelper.sortMethods() took 0 ms.
09:39:45.693 [main] INFO  org.testng.log4testng.Logger.info(Logger.java:112)oggger - [Utils] MethodGroupsHelper.collectMethodsByGroup() took 0 ms.
09:39:45.693 [main] INFO  org.testng.log4testng.Logger.info(Logger.java:112)oggger - [Utils] MethodGroupsHelper.sortMethods() took 0 ms.
09:39:45.694 [main] INFO  org.testng.log4testng.Logger.info(Logger.java:112)oggger - [Utils] MethodGroupsHelper.collectMethodsByGroup() took 0 ms.
09:39:45.694 [main] INFO  org.testng.log4testng.Logger.info(Logger.java:112)oggger - [Utils] MethodGroupsHelper.sortMethods() took 0 ms.
09:39:45.702 [main] INFO  org.testng.log4testng.Logger.info(Logger.java:112)oggger - [TestNG] Running:
  C:\Users\mayur.kotekar\AppData\Local\Temp\testng-eclipse--892951001\testng-customsuite.xml

09:39:45.723 [main] INFO  org.testng.log4testng.Logger.info(Logger.java:112)oggger - [Utils] DynamicGraphHelper.createDynamicGraph() took 8 ms.
09:40:00.139 [main] INFO  TestCases.TC001_CreateAccountTest.verify_CreateAccount(TC001_CreateAccountTest.java:14)oggger - ******* Starting TC001_CreateAccountTest  *******
09:40:05.103 [main] INFO  TestCases.TC001_CreateAccountTest.verify_CreateAccount(TC001_CreateAccountTest.java:28)oggger - Providing customer details...
09:40:27.578 [main] ERROR TestCases.TC001_CreateAccountTest.verify_CreateAccount(TC001_CreateAccountTest.java:47)oggger - Test Failed....
09:40:27.579 [main] DEBUG TestCases.TC001_CreateAccountTest.verify_CreateAccount(TC001_CreateAccountTest.java:48)oggger - Debug logs...
09:40:27.824 [main] INFO  org.testng.log4testng.Logger.info(Logger.java:112)oggger - [TestNG] Time taken by org.testng.reporters.jq.Main@62db0521: 132 ms
09:40:27.885 [main] INFO  org.testng.log4testng.Logger.info(Logger.java:112)oggger - [TestNG] Time taken by org.testng.reporters.FailedReporter@6bda1d19: 61 ms
09:40:27.902 [main] INFO  org.testng.log4testng.Logger.info(Logger.java:112)oggger - [TestNG] Time taken by org.testng.reporters.XMLReporter@56f521c6: 17 ms
09:40:27.920 [main] INFO  org.testng.log4testng.Logger.info(Logger.java:112)oggger - [TestNG] Time taken by org.testng.reporters.EmailableReporter2@24934262: 17 ms
09:40:27.940 [main] INFO  org.testng.log4testng.Logger.info(Logger.java:112)oggger - [TestNG] Time taken by org.testng.reporters.JUnitReportReporter@341672e: 20 ms
09:40:27.940 [main] INFO  org.testng.log4testng.Logger.info(Logger.java:112)oggger - [TestNG] Time taken by org.testng.internal.ExitCodeListener@2bebb74f: 0 ms
10:04:27.789 [main] DEBUG org.testng.log4testng.Logger.debug(Logger.java:82)oggger - suiteXmlPath: "C:\Users\mayur.kotekar\eclipse-workspace\Saayam\master.xml"
10:04:28.039 [main] INFO  org.testng.log4testng.Logger.info(Logger.java:112)oggger - [TestNG] Running:
  C:\Users\mayur.kotekar\eclipse-workspace\Saayam\master.xml

10:04:44.236 [main] INFO  TestCases.TC001_CreateAccountTest.verify_CreateAccount(TC001_CreateAccountTest.java:14)oggger - ******* Starting TC001_CreateAccountTest  *******
10:04:48.190 [main] INFO  TestCases.TC001_CreateAccountTest.verify_CreateAccount(TC001_CreateAccountTest.java:28)oggger - Providing customer details...
10:05:00.913 [main] INFO  TestCases.TC001_CreateAccountTest.verify_CreateAccount(TC001_CreateAccountTest.java:43)oggger - Onboarded Successfully
10:05:00.913 [main] INFO  TestCases.TC001_CreateAccountTest.verify_CreateAccount(TC001_CreateAccountTest.java:52)oggger - *****Finish TC001_CreateAccountTest  *******
10:05:26.530 [main] DEBUG org.testng.log4testng.Logger.debug(Logger.java:82)oggger - suiteXmlPath: "C:\Users\mayur.kotekar\eclipse-workspace\Saayam\master.xml"
10:05:26.889 [main] INFO  org.testng.log4testng.Logger.info(Logger.java:112)oggger - [TestNG] Running:
  C:\Users\mayur.kotekar\eclipse-workspace\Saayam\master.xml

10:05:40.723 [main] INFO  TestCases.TC001_CreateAccountTest.verify_CreateAccount(TC001_CreateAccountTest.java:14)oggger - ******* Starting TC001_CreateAccountTest  *******
10:05:43.735 [main] INFO  TestCases.TC001_CreateAccountTest.verify_CreateAccount(TC001_CreateAccountTest.java:28)oggger - Providing customer details...
10:05:55.698 [main] INFO  TestCases.TC001_CreateAccountTest.verify_CreateAccount(TC001_CreateAccountTest.java:43)oggger - Onboarded Successfully
10:05:55.698 [main] INFO  TestCases.TC001_CreateAccountTest.verify_CreateAccount(TC001_CreateAccountTest.java:52)oggger - *****Finish TC001_CreateAccountTest  *******
10:06:20.483 [main] DEBUG org.testng.log4testng.Logger.debug(Logger.java:82)oggger - suiteXmlPath: "C:\Users\mayur.kotekar\eclipse-workspace\Saayam\master.xml"
10:06:20.705 [main] INFO  org.testng.log4testng.Logger.info(Logger.java:112)oggger - [TestNG] Running:
  C:\Users\mayur.kotekar\eclipse-workspace\Saayam\master.xml

10:13:33.938 [main] DEBUG org.testng.log4testng.Logger.debug(Logger.java:82)oggger - suiteXmlPath: "C:\Users\mayur.kotekar\eclipse-workspace\Saayam\crossbrowsertesting.xml"
10:13:34.210 [main] INFO  org.testng.log4testng.Logger.info(Logger.java:112)oggger - [TestNG] Running:
  C:\Users\mayur.kotekar\eclipse-workspace\Saayam\crossbrowsertesting.xml

10:13:48.041 [main] INFO  TestCases.TC001_CreateAccountTest.verify_CreateAccount(TC001_CreateAccountTest.java:14)oggger - ******* Starting TC001_CreateAccountTest  *******
10:13:50.369 [main] INFO  TestCases.TC001_CreateAccountTest.verify_CreateAccount(TC001_CreateAccountTest.java:28)oggger - Providing customer details...
10:14:03.349 [main] INFO  TestCases.TC001_CreateAccountTest.verify_CreateAccount(TC001_CreateAccountTest.java:43)oggger - Onboarded Successfully
10:14:03.350 [main] INFO  TestCases.TC001_CreateAccountTest.verify_CreateAccount(TC001_CreateAccountTest.java:52)oggger - *****Finish TC001_CreateAccountTest  *******
10:14:18.139 [main] INFO  TestCases.TC001_CreateAccountTest.verify_CreateAccount(TC001_CreateAccountTest.java:14)oggger - ******* Starting TC001_CreateAccountTest  *******
10:14:23.828 [main] INFO  TestCases.TC001_CreateAccountTest.verify_CreateAccount(TC001_CreateAccountTest.java:28)oggger - Providing customer details...
10:14:40.494 [main] INFO  TestCases.TC001_CreateAccountTest.verify_CreateAccount(TC001_CreateAccountTest.java:43)oggger - Onboarded Successfully
10:14:40.494 [main] INFO  TestCases.TC001_CreateAccountTest.verify_CreateAccount(TC001_CreateAccountTest.java:52)oggger - *****Finish TC001_CreateAccountTest  *******
10:15:36.399 [main] DEBUG org.testng.log4testng.Logger.debug(Logger.java:82)oggger - suiteXmlPath: "C:\Users\mayur.kotekar\eclipse-workspace\Saayam\crossbrowsertesting.xml"
10:15:36.635 [main] INFO  org.testng.log4testng.Logger.info(Logger.java:112)oggger - [TestNG] Running:
  C:\Users\mayur.kotekar\eclipse-workspace\Saayam\crossbrowsertesting.xml

10:15:50.903 [TestNG-tests-2] INFO  TestCases.TC001_CreateAccountTest.verify_CreateAccount(TC001_CreateAccountTest.java:14)oggger - ******* Starting TC001_CreateAccountTest  *******
10:15:53.493 [TestNG-tests-1] INFO  TestCases.TC001_CreateAccountTest.verify_CreateAccount(TC001_CreateAccountTest.java:14)oggger - ******* Starting TC001_CreateAccountTest  *******
10:15:54.813 [TestNG-tests-2] INFO  TestCases.TC001_CreateAccountTest.verify_CreateAccount(TC001_CreateAccountTest.java:28)oggger - Providing customer details...
10:15:56.765 [TestNG-tests-1] INFO  TestCases.TC001_CreateAccountTest.verify_CreateAccount(TC001_CreateAccountTest.java:28)oggger - Providing customer details...
10:16:12.910 [TestNG-tests-2] ERROR TestCases.TC001_CreateAccountTest.verify_CreateAccount(TC001_CreateAccountTest.java:47)oggger - Test Failed....
10:16:12.911 [TestNG-tests-2] DEBUG TestCases.TC001_CreateAccountTest.verify_CreateAccount(TC001_CreateAccountTest.java:48)oggger - Debug logs...
10:16:13.920 [TestNG-tests-1] ERROR TestCases.TC001_CreateAccountTest.verify_CreateAccount(TC001_CreateAccountTest.java:47)oggger - Test Failed....
10:16:13.920 [TestNG-tests-1] DEBUG TestCases.TC001_CreateAccountTest.verify_CreateAccount(TC001_CreateAccountTest.java:48)oggger - Debug logs...
10:36:56.922 [main] DEBUG org.testng.log4testng.Logger.debug(Logger.java:82)oggger - suiteXmlPath: "C:\Users\MAYUR~1.KOT\AppData\Local\Temp\testng-eclipse-703808365\testng-customsuite.xml"
10:36:57.129 [main] INFO  org.testng.log4testng.Logger.info(Logger.java:112)oggger - [Utils] MethodGroupsHelper.collectMethodsByGroup() took 1 ms.
10:36:57.131 [main] INFO  org.testng.log4testng.Logger.info(Logger.java:112)oggger - [Utils] MethodGroupsHelper.sortMethods() took 1 ms.
10:36:57.132 [main] INFO  org.testng.log4testng.Logger.info(Logger.java:112)oggger - [Utils] MethodGroupsHelper.collectMethodsByGroup() took 0 ms.
10:36:57.132 [main] INFO  org.testng.log4testng.Logger.info(Logger.java:112)oggger - [Utils] MethodGroupsHelper.sortMethods() took 0 ms.
10:36:57.133 [main] INFO  org.testng.log4testng.Logger.info(Logger.java:112)oggger - [Utils] MethodGroupsHelper.collectMethodsByGroup() took 0 ms.
10:36:57.133 [main] INFO  org.testng.log4testng.Logger.info(Logger.java:112)oggger - [Utils] MethodGroupsHelper.sortMethods() took 0 ms.
10:36:57.133 [main] INFO  org.testng.log4testng.Logger.info(Logger.java:112)oggger - [Utils] MethodGroupsHelper.collectMethodsByGroup() took 0 ms.
10:36:57.133 [main] INFO  org.testng.log4testng.Logger.info(Logger.java:112)oggger - [Utils] MethodGroupsHelper.sortMethods() took 0 ms.
10:36:57.136 [main] INFO  org.testng.log4testng.Logger.info(Logger.java:112)oggger - [Utils] MethodGroupsHelper.collectMethodsByGroup() took 2 ms.
10:36:57.143 [main] INFO  org.testng.log4testng.Logger.info(Logger.java:112)oggger - [Utils] MethodGroupsHelper.sortMethods() took 6 ms.
10:36:57.144 [main] INFO  org.testng.log4testng.Logger.info(Logger.java:112)oggger - [Utils] MethodGroupsHelper.collectMethodsByGroup() took 0 ms.
10:36:57.144 [main] INFO  org.testng.log4testng.Logger.info(Logger.java:112)oggger - [Utils] MethodGroupsHelper.sortMethods() took 0 ms.
10:36:57.145 [main] INFO  org.testng.log4testng.Logger.info(Logger.java:112)oggger - [Utils] MethodGroupsHelper.collectMethodsByGroup() took 0 ms.
10:36:57.145 [main] INFO  org.testng.log4testng.Logger.info(Logger.java:112)oggger - [Utils] MethodGroupsHelper.sortMethods() took 0 ms.
10:36:57.145 [main] INFO  org.testng.log4testng.Logger.info(Logger.java:112)oggger - [Utils] MethodGroupsHelper.collectMethodsByGroup() took 0 ms.
10:36:57.145 [main] INFO  org.testng.log4testng.Logger.info(Logger.java:112)oggger - [Utils] MethodGroupsHelper.sortMethods() took 0 ms.
10:36:57.147 [main] INFO  org.testng.log4testng.Logger.info(Logger.java:112)oggger - [Utils] MethodGroupsHelper.collectMethodsByGroup() took 0 ms.
10:36:57.147 [main] INFO  org.testng.log4testng.Logger.info(Logger.java:112)oggger - [Utils] MethodGroupsHelper.sortMethods() took 0 ms.
10:36:57.147 [main] INFO  org.testng.log4testng.Logger.info(Logger.java:112)oggger - [Utils] MethodGroupsHelper.collectMethodsByGroup() took 0 ms.
10:36:57.147 [main] INFO  org.testng.log4testng.Logger.info(Logger.java:112)oggger - [Utils] MethodGroupsHelper.sortMethods() took 0 ms.
10:36:57.149 [main] INFO  org.testng.log4testng.Logger.info(Logger.java:112)oggger - [Utils] MethodGroupsHelper.collectMethodsByGroup() took 0 ms.
10:36:57.149 [main] INFO  org.testng.log4testng.Logger.info(Logger.java:112)oggger - [Utils] MethodGroupsHelper.sortMethods() took 0 ms.
10:36:57.149 [main] INFO  org.testng.log4testng.Logger.info(Logger.java:112)oggger - [Utils] MethodGroupsHelper.collectMethodsByGroup() took 0 ms.
10:36:57.149 [main] INFO  org.testng.log4testng.Logger.info(Logger.java:112)oggger - [Utils] MethodGroupsHelper.sortMethods() took 0 ms.
10:36:57.150 [main] INFO  org.testng.log4testng.Logger.info(Logger.java:112)oggger - [Utils] MethodGroupsHelper.collectMethodsByGroup() took 0 ms.
10:36:57.151 [main] INFO  org.testng.log4testng.Logger.info(Logger.java:112)oggger - [Utils] MethodGroupsHelper.sortMethods() took 0 ms.
10:36:57.152 [main] INFO  org.testng.log4testng.Logger.info(Logger.java:112)oggger - [Utils] MethodGroupsHelper.collectMethodsByGroup() took 0 ms.
10:36:57.152 [main] INFO  org.testng.log4testng.Logger.info(Logger.java:112)oggger - [Utils] MethodGroupsHelper.sortMethods() took 0 ms.
10:36:57.152 [main] INFO  org.testng.log4testng.Logger.info(Logger.java:112)oggger - [Utils] MethodGroupsHelper.collectMethodsByGroup() took 0 ms.
10:36:57.153 [main] INFO  org.testng.log4testng.Logger.info(Logger.java:112)oggger - [Utils] MethodGroupsHelper.sortMethods() took 0 ms.
10:36:57.159 [main] INFO  org.testng.log4testng.Logger.info(Logger.java:112)oggger - [TestNG] Running:
  C:\Users\mayur.kotekar\AppData\Local\Temp\testng-eclipse-703808365\testng-customsuite.xml

10:36:57.178 [main] INFO  org.testng.log4testng.Logger.info(Logger.java:112)oggger - [Utils] DynamicGraphHelper.createDynamicGraph() took 3 ms.
10:36:57.338 [main] INFO  org.testng.log4testng.Logger.info(Logger.java:112)oggger - [TestNG] Time taken by org.testng.reporters.jq.Main@773f7880: 64 ms
10:36:57.354 [main] INFO  org.testng.log4testng.Logger.info(Logger.java:112)oggger - [TestNG] Time taken by org.testng.reporters.FailedReporter@64df9a61: 16 ms
10:36:57.362 [main] INFO  org.testng.log4testng.Logger.info(Logger.java:112)oggger - [TestNG] Time taken by org.testng.reporters.XMLReporter@5860f3d7: 8 ms
10:36:57.372 [main] INFO  org.testng.log4testng.Logger.info(Logger.java:112)oggger - [TestNG] Time taken by org.testng.reporters.EmailableReporter2@58670130: 10 ms
10:36:57.379 [main] INFO  org.testng.log4testng.Logger.info(Logger.java:112)oggger - [TestNG] Time taken by org.testng.reporters.JUnitReportReporter@f6c03cb: 6 ms
10:36:57.381 [main] INFO  org.testng.log4testng.Logger.info(Logger.java:112)oggger - [TestNG] Time taken by org.testng.internal.ExitCodeListener@46f699d5: 0 ms
10:38:18.070 [main] DEBUG org.testng.log4testng.Logger.debug(Logger.java:82)oggger - suiteXmlPath: "C:\Users\mayur.kotekar\eclipse-workspace\Saayam\SignIn.xml"
10:38:18.297 [main] INFO  org.testng.log4testng.Logger.info(Logger.java:112)oggger - [TestNG] Running:
  C:\Users\mayur.kotekar\eclipse-workspace\Saayam\SignIn.xml

10:39:38.247 [main] DEBUG org.testng.log4testng.Logger.debug(Logger.java:82)oggger - suiteXmlPath: "C:\Users\mayur.kotekar\eclipse-workspace\Saayam\SignIn.xml"
10:39:38.478 [main] INFO  org.testng.log4testng.Logger.info(Logger.java:112)oggger - [TestNG] Running:
  C:\Users\mayur.kotekar\eclipse-workspace\Saayam\SignIn.xml

10:39:52.684 [main] INFO  TestCases.TC002_SignIn.verify_SignInTest(TC002_SignIn.java:13)oggger - ***** Starting TC002_ SignIn****
10:41:47.409 [main] DEBUG org.testng.log4testng.Logger.debug(Logger.java:82)oggger - suiteXmlPath: "C:\Users\mayur.kotekar\eclipse-workspace\Saayam\SignIn.xml"
10:41:47.634 [main] INFO  org.testng.log4testng.Logger.info(Logger.java:112)oggger - [TestNG] Running:
  C:\Users\mayur.kotekar\eclipse-workspace\Saayam\SignIn.xml

10:42:01.923 [main] INFO  TestCases.TC002_SignIn.verify_SignInTest(TC002_SignIn.java:13)oggger - ***** Starting TC002_ SignIn****
10:42:06.848 [main] INFO  TestCases.TC002_SignIn.verify_SignInTest(TC002_SignIn.java:21)oggger - ***** Finished TC002_ SignIn****
11:00:19.066 [main] DEBUG org.testng.log4testng.Logger.debug(Logger.java:82)oggger - suiteXmlPath: "C:\Users\mayur.kotekar\eclipse-workspace\Saayam\SignIn.xml"
11:00:19.292 [main] INFO  org.testng.log4testng.Logger.info(Logger.java:112)oggger - [TestNG] Running:
  C:\Users\mayur.kotekar\eclipse-workspace\Saayam\SignIn.xml

11:00:30.900 [main] INFO  TestCases.TC002_SignIn.verify_SignInTest(TC002_SignIn.java:13)oggger - ***** Starting TC002_ SignIn****
11:00:35.512 [main] INFO  TestCases.TC002_SignIn.verify_SignInTest(TC002_SignIn.java:22)oggger - ***** Finished TC002_ SignIn****
11:05:21.738 [main] DEBUG org.testng.log4testng.Logger.debug(Logger.java:82)oggger - suiteXmlPath: "C:\Users\mayur.kotekar\eclipse-workspace\Saayam\master.xml"
11:05:21.973 [main] INFO  org.testng.log4testng.Logger.info(Logger.java:112)oggger - [TestNG] Running:
  C:\Users\mayur.kotekar\eclipse-workspace\Saayam\master.xml

11:05:45.429 [main] DEBUG org.testng.log4testng.Logger.debug(Logger.java:82)oggger - suiteXmlPath: "C:\Users\mayur.kotekar\eclipse-workspace\Saayam\master.xml"
11:05:45.657 [main] INFO  org.testng.log4testng.Logger.info(Logger.java:112)oggger - [TestNG] Running:
  C:\Users\mayur.kotekar\eclipse-workspace\Saayam\master.xml

11:06:05.267 [main] INFO  TestCases.TC001_CreateAccountTest.verify_CreateAccount(TC001_CreateAccountTest.java:14)oggger - ******* Starting TC001_CreateAccountTest  *******
11:06:08.457 [main] INFO  TestCases.TC001_CreateAccountTest.verify_CreateAccount(TC001_CreateAccountTest.java:28)oggger - Providing customer details...
11:06:20.195 [main] INFO  TestCases.TC001_CreateAccountTest.verify_CreateAccount(TC001_CreateAccountTest.java:43)oggger - Onboarded Successfully
11:06:20.196 [main] INFO  TestCases.TC001_CreateAccountTest.verify_CreateAccount(TC001_CreateAccountTest.java:52)oggger - *****Finish TC001_CreateAccountTest  *******
11:06:38.408 [main] INFO  TestCases.TC002_SignIn.verify_SignInTest(TC002_SignIn.java:13)oggger - ***** Starting TC002_ SignIn****
11:06:46.127 [main] INFO  TestCases.TC002_SignIn.verify_SignInTest(TC002_SignIn.java:22)oggger - ***** Finished TC002_ SignIn****
11:31:59.840 [main] DEBUG org.testng.log4testng.Logger.debug(Logger.java:82)oggger - suiteXmlPath: "C:\Users\mayur.kotekar\eclipse-workspace\Saayam\grouping.xml"
11:32:00.116 [main] INFO  org.testng.log4testng.Logger.info(Logger.java:112)oggger - [TestNG] Running:
  C:\Users\mayur.kotekar\eclipse-workspace\Saayam\grouping.xml

11:32:09.917 [main] INFO  TestCases.TC001_CreateAccountTest.verify_CreateAccount(TC001_CreateAccountTest.java:14)oggger - ******* Starting TC001_CreateAccountTest  *******
11:32:11.987 [main] INFO  TestCases.TC001_CreateAccountTest.verify_CreateAccount(TC001_CreateAccountTest.java:28)oggger - Providing customer details...
11:32:22.743 [main] INFO  TestCases.TC001_CreateAccountTest.verify_CreateAccount(TC001_CreateAccountTest.java:43)oggger - Onboarded Successfully
11:32:22.743 [main] INFO  TestCases.TC001_CreateAccountTest.verify_CreateAccount(TC001_CreateAccountTest.java:52)oggger - *****Finish TC001_CreateAccountTest  *******
11:32:33.553 [main] INFO  TestCases.TC002_SignIn.verify_SignInTest(TC002_SignIn.java:13)oggger - ***** Starting TC002_ SignIn****
11:32:38.455 [main] INFO  TestCases.TC002_SignIn.verify_SignInTest(TC002_SignIn.java:22)oggger - ***** Finished TC002_ SignIn****
11:37:19.101 [main] DEBUG org.testng.log4testng.Logger.debug(Logger.java:82)oggger - suiteXmlPath: "C:\Users\mayur.kotekar\eclipse-workspace\Saayam\grouping.xml"
11:37:19.455 [main] INFO  org.testng.log4testng.Logger.info(Logger.java:112)oggger - [TestNG] Running:
  C:\Users\mayur.kotekar\eclipse-workspace\Saayam\grouping.xml

11:37:28.845 [main] INFO  TestCases.TC002_SignIn.verify_SignInTest(TC002_SignIn.java:13)oggger - ***** Starting TC002_ SignIn****
11:37:33.420 [main] INFO  TestCases.TC002_SignIn.verify_SignInTest(TC002_SignIn.java:22)oggger - ***** Finished TC002_ SignIn****
19:05:56.997 [main] DEBUG org.testng.log4testng.Logger.debug(Logger.java:82)oggger - suiteXmlPath: "C:\Users\mayur.kotekar\eclipse-workspace\Saayam\master.xml"
19:06:06.397 [main] INFO  TestCases.TC001_CreateAccountTest.verify_CreateAccount(TC001_CreateAccountTest.java:14)oggger - ******* Starting TC001_CreateAccountTest  *******
19:06:08.172 [main] INFO  TestCases.TC001_CreateAccountTest.verify_CreateAccount(TC001_CreateAccountTest.java:28)oggger - Providing customer details...
19:06:18.740 [main] INFO  TestCases.TC001_CreateAccountTest.verify_CreateAccount(TC001_CreateAccountTest.java:43)oggger - Onboarded Successfully
19:06:18.740 [main] INFO  TestCases.TC001_CreateAccountTest.verify_CreateAccount(TC001_CreateAccountTest.java:52)oggger - *****Finish TC001_CreateAccountTest  *******
19:22:49.668 [main] DEBUG org.testng.log4testng.Logger.debug(Logger.java:82)oggger - suiteXmlPath: "C:\Users\mayur.kotekar\eclipse-workspace\Saayam\master.xml"
19:22:55.444 [main] INFO  TestCases.TC001_CreateAccountTest.verify_CreateAccount(TC001_CreateAccountTest.java:14)oggger - ******* Starting TC001_CreateAccountTest  *******
19:22:58.475 [main] INFO  TestCases.TC001_CreateAccountTest.verify_CreateAccount(TC001_CreateAccountTest.java:28)oggger - Providing customer details...
19:23:09.756 [main] INFO  TestCases.TC001_CreateAccountTest.verify_CreateAccount(TC001_CreateAccountTest.java:43)oggger - Onboarded Successfully
19:23:09.756 [main] INFO  TestCases.TC001_CreateAccountTest.verify_CreateAccount(TC001_CreateAccountTest.java:52)oggger - *****Finish TC001_CreateAccountTest  *******
